lat,lgn,city
24.05844,-98.37333,Abasolo
17.78306,-95.54556,Abasolo del Valle
20.44997,-101.53073,Abasolo
14.88194,-92.18444,2da. Sección de Medio Monte
15.34094,-92.67559,Acacoyahua
16.55514,-92.80758,Acala
19.95518,-99.84289,Acambay
20.03024,-100.72249,Acámbaro
18.56216,-99.57206,Acamixtla
19.10412,-97.95104,Acajete
20.81269,-89.45295,Acanceh
15.28184,-92.69032,Acapeteahua
22.49396,-105.36369,Acaponeta
16.86336,-99.8901,Acapulco de Juárez
16.7375,-98.4275,Acatepec
20.77995,-102.91056,Acatic
18.53973,-96.60568,Acatlán de Pérez Figueroa
18.98036,-97.78473,Acatzingo de Hidalgo
18.2025,-98.04864,Acatlán de Osorio
20.02639,-98.84097,Acayuca
20.15789,-98.20172,Acaxochitlán
17.94885,-94.91399,Acayucan
18.95796,-97.80337,Actipan
19.62375,-98.92407,Acolman
19.50427,-96.61668,Actopan
20.26961,-98.94377,Actopan
19.03701,-98.38493,Acuexcomac
19.49585,-101.33321,Acuítzio del Canje
18.71894,-97.30367,Acultzingo
28.46667,-107.3,Adolfo López Mateos
24.89639,-107.63278,Adolfo López Mateos (El Tamarindo)
18.13909,-94.14527,Agua Dulce
25.75,-108.75,Adolfo Ruíz Cortínes
31.33071,-109.54876,Agua Prieta
18.81361,-97.19833,Agrícola Lázaro Cárdenas
20.36337,-97.29315,"Agua Dulce, Veracruz"
22.89339,-105.97479,Agua Verde
21.88234,-102.28259,Aguascalientes
18.73742,-102.78934,Aguililla
25.91985,-109.1732,Ahome
17.81083,-95.015,Aguilera
21.05405,-104.48398,Ahuacatlán
22.40019,-101.16614,Ahualulco
20.70137,-103.97461,Ahualulco de Mercado
18.37831,-97.25767,Ajalpan
20.0917,-99.12246,Ajacuba
20.30325,-103.25476,Ajijic
20.70713,-100.02008,Ajuchitlán
18.15189,-100.48353,Ajuchitlán del Progreso
27.02326,-108.9344,Alamos
20.26547,-89.34787,Akil
20.91063,-97.67485,Álamo
19.66194,-99.06889,Alborada Jaltenco
22.92157,-98.07519,Aldama
20.81564,-101.31527,Aldama
26.06528,-109.01972,Alfonso G. Calderón (Poblado Siete)
21.08776,-86.84706,Alfredo V. Bonfil
25.37806,-108.13028,Alhuey
19.09933,-97.52973,Aljojuca
28.34124,-100.85111,"Allende, Coahuila"
25.85139,-100.38278,Alianza Real
25.27673,-100.01442,"Allende, Nuevo León"
18.15514,-94.39289,Allende
19.14243,-98.23749,Almecatla
19.70435,-98.40379,Almoloya
19.16046,-99.4874,Almoloya del Río
18.97309,-100.13335,Almoloya de las Granadas
17.67301,-98.50968,Alpoyeca
18.74126,-99.25943,Alpuyeca
16.88333,-92.15,Altamirano
22.39215,-97.93867,Altamira
30.71626,-111.83653,Altar
18.36886,-97.29832,Altepexi
20.95361,-97.44194,Alto Lucero
19.62442,-96.73409,Alto Lucero
19.76613,-97.24514,Altotonga
14.92231,-92.37813,Álvaro Obregón
19.82376,-101.04001,Álvaro Obregón
18.59861,-99.36944,Amacuzac
19.31667,-100.01667,Amanalco de Becerra
17.37429,-92.81893,Amatán
16.52722,-92.43472,Amatenango del Valle
20.83441,-103.73015,Amatitán
20.80699,-104.40408,Amatlán de Cañas
18.84575,-96.91494,Amatlán de los Reyes
18.72371,-98.79746,Amayuca
19.34661,-98.17057,Amaxac de Guerrero
20.18758,-100.14485,Amealco
20.70339,-100.26511,Amazcala
20.54629,-104.04508,Ameca
28.38333,-105.61667,Ampliación Colonia Lázaro Cárdenas
19.12384,-98.76649,Amecameca
19.04611,-98.045,Amozoc de Mota
18.29361,-100.63972,Amuco de la Reforma
18.0183,-92.98992,Anacleto Canabal 3ra. Sección
19.61639,-99.14722,Ampliación San Mateo (Colonia Solidaridad)
17.97556,-93.02417,Anacleto Canabal 2da. Sección
27.24056,-100.13222,Anáhuac
22.20275,-97.85506,Anahuac
28.48396,-106.7472,"Anáhuac, Chihuahua"
18.76891,-98.98841,Anenecuilco
19.26444,-98.50028,Analco de Ponciano Arriaga (Santa Cruz Analco)
15.87314,-92.72437,Angel Albino Corzo
19.5479,-102.22563,Angahuán
20.14902,-101.71126,Angamacutiro de la Unión
25.36586,-108.16107,Angostura
18.59601,-95.4458,Angel R. Cabadas
22.5495,-99.08123,Antiguo Morelos
19.05962,-95.99272,Antón Lizardo
20.8,-104.01667,Antonio Escobedo
19.01451,-102.20432,Antúnez
19.01278,-102.20389,Antúnez (Morelos)
19.71128,-98.45086,Apan
20.45748,-100.6224,Apaseo el Alto
20.54495,-100.68462,Apaseo el Grande
19.08864,-102.35704,Apatzingán
18.13127,-99.93255,Apaxtla de Castrejón
19.97512,-99.17112,Apaxco de Ocampo
19.33622,-98.17912,Apetatitlán Antonio Carbajal
19.41333,-98.14358,Apizaco
21.46952,-103.09076,Apozol
25.75976,-100.16287,Apodaca
17.78333,-92.28333,Aquiles Serdán
17.80556,-92.48972,Aquiles Serdán (San Fernando)
20.70519,-102.34635,Arandas
18.31847,-100.28148,Arcelia
21.96361,-102.30194,Arboledas Paso Blanco [Fraccionamiento]
19.81583,-99.04417,Arbolada los Sauces
18.20139,-93.36694,Arena 1ra. Sección
20.77512,-103.69304,Arenal
19.38111,-98.94278,Arenal
20.02618,-102.34758,Ario de Rayón
19.209,-101.70743,Ario de Rosales
18.9378,-103.96417,Armeria
16.2375,-93.90184,Arriaga
20.53667,-97.41528,Arroyo del Maíz Uno
25.44528,-100.84667,Arteaga
18.35779,-102.29122,Arteaga
31.1,-107.98333,Ascención
22.23836,-102.0894,Asientos
16.50315,-95.06121,Asunción Ixtaltepec
17.45916,-97.22605,Asunción Nochixtlán
18.50967,-98.60911,Atencingo
16.76195,-96.72137,Asunción Ocotlán
20.06444,-102.23861,Atecucario de la Constitución (Atecuario)
20.17526,-99.32714,Atengo
19.83945,-97.45855,Atempan
20.39006,-103.14065,Atequiza
20.05964,-99.22163,Atitalaquia
19.46882,-98.14716,Atexcatzingo
19.25,-99.55,Atizapán
19.80038,-99.87376,Atlacomulco
18.93537,-98.89797,Atlatlahucan
17.65166,-99.37519,Atliaca
19.02188,-98.77859,Atlautla
18.90815,-98.43613,Atlixco
19.43171,-97.79609,Atltzayanca de Hidalgo
19.43111,-97.79556,Atlzayanca
20.28632,-98.6685,Atotonilco el Grande
19.855,-97.35361,Atoluca
20.55079,-102.50942,Atotonilco el Alto
20.0097,-103.51652,Atoyac
17.20667,-100.43306,Atoyac de Álvarez
20.39287,-103.12356,Atotonilquillo
18.82198,-97.91446,Atoyatempan
18.90675,-97.08377,Atzacán
19.97972,-97.96861,Atzingo (La Cumbre)
18.89899,-97.32463,Atzitzintla
19.76822,-104.36664,Autlán de Navarro
19.72487,-98.75763,Axapusco
18.50307,-98.75219,Axochiapan
18.2241,-93.11158,Ayapa
19.69417,-99.23944,Axotlán
19.12692,-98.79988,Ayapango
16.6837,-96.84287,Ayoquezco de Aldama
17.67332,-96.12879,Ayotzintepec
18.54654,-98.50499,Ayutla
20.12907,-104.34355,Ayutla
16.96376,-99.09616,Ayutla de los Libres
19.48698,-99.18594,Azcapotzalco
16.73314,-98.60166,Azoyú
18.68109,-88.39333,Bacalar
26.98278,-109.65194,Bacobampo
21.10874,-89.39866,Baca
25.36525,-107.55083,Badiraguato
27.55142,-110.0833,Bácum
25.87417,-109.11778,Bagojo Colectivo
28.82278,-111.94083,Bahía de Kino
27.35167,-110.45472,Bahía de Lobos
16.96086,-99.97169,Bajos del Ejido
17.80702,-91.53744,Balancán de Domínguez
16.50864,-98.73216,Barra de Tecoanapa
19.76861,-99.67694,Barrio Cuarto (La Loma)
19.56528,-99.75,Barrio de San Pedro la Cabecera
19.58893,-96.93727,Banderilla
19.2825,-99.82833,Barrio de México
19.56417,-99.77333,Barrio San Joaquín el Junco
20.44172,-90.02738,Becal
17.78891,-92.61294,Belén
19.35139,-99.66278,Barrio Santa Cruz
19.73917,-99.19167,Barrio Tlatenco
19.34694,-98.19,Belén Atzitzimititlán
16.51599,-90.65371,Benemérito de las Américas
20.43408,-103.63742,Bellavista
18.11944,-96.00194,Benemérito Juárez
31.67111,-116.51139,Benito García (El Zorrillo)
20.88635,-98.20594,Benito Juárez
19.37492,-97.9103,Benito Juárez
29.74624,-107.93966,Benito Juárez
19.3984,-99.15766,Benito Juarez
19.23333,-100.46667,Benito Juárez
30.16904,-111.11403,Benjamin Hill
25.88682,-103.62069,Bermejillo
16.79853,-93.27163,Berriozábal
16.99625,-92.89218,Bochil
19.15451,-96.8327,Boca del Monte
19.1,-96.1,Boca del Río
18.01611,-92.95806,Bosque de Saloya
19.35778,-98.9475,Bosques de la Magdalena
14.53588,-92.22414,Brisas Barra de Suchiate
15.83694,-97.04194,Brisas de Zicatela
20.26856,-102.56208,Briseñas
20.75626,-105.33438,Bucerías
21.20303,-88.79271,Buctzotz
18.14417,-92.74972,Buena Vista 1ra. Sección
19.21281,-102.58735,Buena Vista Tomatlán
29.8432,-107.46067,Buenaventura
17.91667,-92.53333,Buenavista
18.46,-99.40848,Buenavista de Cuéllar
19.60833,-99.16944,Buenavista
19.07499,-102.17999,Buenos Aires
26.53333,-100.5,Bustamante
17.96833,-93.50139,C-32 (Licenciado Francisco Trujillo Gurría)
18.02444,-102.28583,Buenos Aires
17.92306,-93.44806,C-41 (Licenciado Carlos A. Madrazo)
22.89088,-109.91238,Cabo San Lucas
19.37167,-96.38278,Cabezas
14.99201,-92.16376,Cacahoatán
20.98358,-89.22686,Cacalchen
19.25311,-99.70623,Cacalomacan
18.78747,-98.48614,Cacaloxúchitl
20.69779,-99.81535,Cadereyta de Montes
25.58333,-99.98333,"Cadereyta Jiménez, Nuevo León"
18.29364,-97.16419,Caipan
20.43174,-103.3094,Cajititlán
18.55719,-88.2548,Calderitas
19.83278,-97.42111,Cala Sur
18.85833,-99.18194,Calera Chica
19.33651,-99.68923,Calixtlahuaca
19.16324,-99.6181,Calimaya de Díaz González
20.36905,-90.05119,Calkiní
20.89687,-98.58511,Calnali
18.63609,-98.63444,Calmeca
19.58867,-98.56972,Calpulalpan
21.84583,-102.71849,Calvillo
18.8849,-97.81737,Caltenco
30.84222,-116.06328,Camalú
26.25457,-98.84353,Camargo
19.83803,-90.5277,Campeche
21.21,-89.65778,Campestre Flamboyanes
20.81778,-103.45167,Campestre las Palomas [Fraccionamiento]
20.10167,-98.70722,Campestre Villas del Álamo
19.775,-101.12917,Campestre Tarímbaro
27.45,-110.1,Campo Sesenta
24.52576,-104.77327,Canatlán
16.91667,-92.48333,Cancuc
30.98699,-110.29062,Cananea
21.17429,-86.84656,Cancún
23.60371,-102.72704,Cañitas de Felipe Pescador
21.15749,-89.10131,Cansahcab
19.54741,-102.05184,Capácuaro
20.82739,-102.59185,Capilla de Guadalupe
19.01966,-101.12494,Carácuaro
19.7,-101.8,Capula
22.00144,-99.64247,"Cardenas, San Luis Potosí"
18.80639,-97.02722,Capoluca
19.19354,-99.46585,Capulhuac
18.00135,-93.37559,"Cárdenas, Tabasco"
18.37477,-95.75444,Carlos A. Carrillo
17.08083,-92.8025,Carmen Zacatal
30.38269,-107.95628,Casas Grandes
19.04222,-98.11889,Casa Blanca
19.6052,-104.43433,Casimiro Castillo
26.78932,-101.43211,Castaños
18.42131,-95.11398,Catemaco
17.725,-92.01417,Catazajá
20.75005,-97.63161,Castillo de Teayo
21.01539,-89.70347,Caucel
20.7037,-97.30978,Cazones de Herrera
26.5258,-104.1295,Ceballos
20.06359,-97.60688,Caxhuacan
20.52353,-100.8157,Celaya
20.85973,-90.39902,Celestún
20.96621,-88.60438,Cenotillo
20.55444,-103.19361,Centro de Readaptación Social
20.506,-90.10979,Cepeda
21.135,-101.74972,Centro Familiar la Soledad
25.87806,-108.90139,Cerrillos (Campo 35)
20.10877,-101.3871,Cerano
32.48417,-116.25056,Cereso del Hongo
22.42835,-100.28474,Cerritos
20.59294,-101.12684,Cerro Gordo
18.30528,-95.84167,Chacaltianguis
21.192,-97.74088,Cerro Azul
16.3,-94.18333,Chahuite
19.18333,-99.81667,Cerro La Calera
23.47498,-103.88293,Chalchihuites
19.26174,-98.89775,Chalco de Díaz Covarrubias
21.31444,-98.79194,Chalchocoyo
19.34441,-90.72576,Champotón
16.78416,-92.68959,Chamula
16.71667,-92.4,Chanal
16.6575,-92.2575,Chanal
18.27306,-100.58528,Changata
20.29616,-103.19123,Chapala
21.15731,-98.90361,Chapulhuacán
18.63536,-97.40006,Chapuco
23.12799,-101.11414,Charcas
19.20216,-99.56176,Chapultepec
19.65112,-102.2519,Charapán
23.86306,-103.6575,Charco Blanco
19.74737,-101.045,Charo
20.00592,-102.45962,Chavínda
21.26967,-89.74006,Chelem
20.65613,-87.9364,Chemax
19.68536,-101.95368,Cherán
18.51413,-88.30381,Chetumal
16.7077,-93.01184,Chiapa de Corzo
16.56975,-92.72037,Chiapilla
19.30633,-98.21773,Chiautempan
19.54895,-98.88236,Chiautla
18.30149,-98.60339,Chiautla de Tapia
20.1425,-97.94556,Chicahuaxtla
20.66667,-88.56667,Chichén-Itzá
17.65902,-99.67624,Chichihualco
20.63176,-88.21689,Chichimila
15.74405,-92.28598,Chicomuselo
19.20073,-97.06691,Chichiquila
19.55939,-98.89884,Chiconcuac
21.13617,-89.51625,Chicxulub Pueblo
20.97214,-98.17239,Chicontepec de Tejada
18.52028,-98.57889,Chietla
28.63528,-106.08889,Chihuahua
19.83866,-98.03171,Chignahuapan
18.78278,-99.20722,Chiconcuac
20.33436,-88.4863,Chikindzonot
17.59459,-99.17639,Chilapa de Alvarez
19.84654,-102.11716,Chilchota
21.13444,-98.43556,Chililico
17.23333,-92.41667,Chilón
17.5506,-99.50578,Chilpancingo de los Bravos
25.69997,-99.23454,China
18.02195,-94.67945,Chinameca
19.76993,-90.49595,China
21.35959,-97.73484,Chinampa de Gorostiza
19.81996,-97.38859,Chinautla
20.2,-103.81667,Chiquilistlán
19.00611,-98.33056,Chipilo de Francisco Javier Mina
26.70901,-108.32545,Choix
20.75087,-89.83041,Chochola
19.01214,-97.03291,Chocaman
21.01078,-89.29147,Cholul Cantón
17.66614,-93.48115,Chontalpa
19.06406,-98.30352,Cholula
19.58533,-88.5922,Chunhuhub
20.15056,-102.06469,Churintzio
18.66333,-101.64741,Churumuco de Morelos
25.95488,-100.16742,Ciénega de Flores
16.68393,-93.71814,Cintalapa de Figueroa
29.32322,-100.95217,Ciudad Acuña
19.2366,-104.56512,Cihuatlán
18.3582,-100.66965,Ciudad Altamirano
18.76694,-98.98222,Ciudad Ayala
27.24457,-100.13229,Ciudad Anáhuac
27.67842,-105.17136,Ciudad Camargo
32.19556,-115.0025,Ciudad Coahuila (Kilómetro Cincuenta y Siete)
25.0321,-111.66256,Ciudad Constitución
18.3,-98.60389,Ciudad de Chiautla de Tapia
20.01861,-97.52111,Ciudad de Cuetzalan
18.30111,-99.33111,Ciudad de Huitzuco
17.80787,-97.77956,Ciudad de Huajuapan de León
20.01766,-97.52277,Ciudad de Cuetzalan
19.49241,-98.53526,Ciudad de Nanacamilpa
19.26722,-103.73778,Ciudad de Villa de Álvarez
18.64592,-91.82991,Ciudad del Carmen
19.85278,-97.49528,Ciudad de Tlatlauquitepec
22.40187,-99.60468,Ciudad del Maiz
28.19013,-105.47012,Ciudad Delicias
26.23186,-98.5956,Ciudad Díaz Ordaz
21.94037,-100.0117,Ciudad Fernández
26.92814,-101.45212,Ciudad Frontera
19.70466,-103.4617,Ciudad Guzmán
25.26318,-111.77547,Ciudad Insurgentes
19.69229,-100.55739,"Ciudad Hidalgo, Michoacán"
31.73333,-106.48333,Ciudad Juárez
25.53718,-103.52456,Ciudad Lerdo
19.58547,-99.26035,Ciudad López Mateos
17.97066,-102.22124,Ciudad Lázaro Cárdenas
22.27228,-97.83623,Ciudad Madero
22.74304,-98.9739,Ciudad Mante
20.72882,-101.95243,Ciudad Manuel Doblado
26.39952,-99.02836,Ciudad Miguel Alemán
18.80615,-97.17777,Ciudad Mendoza
19.40061,-99.01483,Ciudad Nezahualcoyotl
27.48642,-109.94083,Ciudad Obregón
17.88358,-92.48489,Ciudad Pemex
27.85591,-101.11738,Ciudad Sabinas
19.77557,-98.57471,Ciudad Sahagun
21.98333,-99.01667,Ciudad Valles
18.9894,-97.44702,Ciudad Serdán
23.74174,-99.14599,Ciudad Victoria
17.93611,-94.66667,Coacotla
19.63453,-99.1005,Coacalco
19.65163,-96.94043,Coacotzintla
18.75119,-103.66798,Coahuayana Viejo
19.80556,-97.41028,Coahuixco
17.13137,-93.15946,Coapilla
18.7775,-103.16,Coalcomán de Vázquez Pallares
18.89492,-99.72153,Coatepec Harinas
19.45229,-96.96148,Coatepec
18.7302,-99.32707,Coatetelco
18.13346,-94.44242,Coatzacoalcos
20.48699,-97.46823,Coatzintla
27.57519,-109.9591,Cocorit
19.23336,-98.86596,Cocotitlan
18.88417,-98.98194,Cocoyoc
18.24116,-99.66202,Cocula
20.36517,-103.82215,Cocula
19.82195,-101.5847,Coeneo de la Libertad
19.43333,-103.55,Cofradía
20.11858,-102.85182,Cojumatlán de Régules
19.24997,-103.72714,Colima
20.07833,-98.72667,Colinas de Plata
20.62361,-100.46667,Colinas de Santa Cruz Segunda Sección
25.81705,-100.10258,Colinas del Aeropuerto
20.50417,-103.39833,Colinas del Roble
20.78323,-100.05149,Colón
25.10972,-107.94472,Colonia Agrícola México (Palmitas)
19.70056,-99.11667,Colonia 2 de Septiembre
19.39111,-99.52528,Colonia Emiliano Zapata
19.58389,-98.99139,Colonia el Salado
19.42139,-99.01361,Colonia Gustavo Baz Prada
16.20967,-95.02722,Colonia Juárez
21.36167,-97.69306,Colonia las Flores
19.69083,-99.06417,Colonia la Asunción
19.63167,-99.15333,Colonia Lázaro Cárdenas (Los Hornos)
30.70167,-116.00278,Colonia Lomas de San Ramón (Triquis)
17.96306,-94.9025,Colonia Lealtad
20.53523,-100.48828,Colonia los Ángeles
19.31167,-99.54111,Colonia los Cedros
30.50667,-115.9225,Colonia Nueva Era
16.80111,-95.07972,Colonia Progreso
19.63778,-99.33917,Colonia Morelos
28.24167,-105.44361,Colonia Revolución
20.98475,-101.48502,Colonia Nuevo México
16.88678,-95.04731,Colonia Rincón Viejo
20.93556,-100.73611,Colonia San Luis Rey
21.2525,-102.35139,Colonia Santa Cecilia (La Sauceda)
19.50191,-96.87817,Colonia Santa Bárbara
19.845,-99.23333,Colonia Santa Teresa
20.19291,-99.17866,Colonia Teñhe
28.63861,-100.55667,Colonia Venustiano Carranza
19.40005,-98.05822,Colonia Venustiano Carranza
19.49083,-101.59389,Colonia Vista Bella (Lomas del Peaje)
20.04583,-97.05139,Colonias Pedernales
19.17829,-100.21817,Colorines
17.06667,-99.28333,Colotepec
19.17639,-100.21639,Colorines
19.57132,-101.90433,Comachuén
22.11299,-103.26707,Colotlán
19.32717,-103.75926,Comala
16.24471,-92.13425,Comitán
18.26316,-93.22397,Comalcalco
20.72278,-100.75946,Comonfort
21.23777,-104.9001,Compostela
18.40684,-95.17415,Comoapan
24.61326,-101.41844,Concepcion del Oro
19.09444,-98.06139,Concepción Capulac (La Ex-Hacienda)
25.77982,-103.11696,Concordia
19.97822,-103.25981,Concepción de Buenos Aires
23.28694,-106.06389,Concordia
28.25375,-105.51922,Congregación Ortíz
19.36889,-99.77861,Conjunto Habitacional Ecológico SUTEYM
19.68361,-101.30361,Conjunto Habitacional Villas del Pedregal
21.07365,-89.51995,Conkal
17.09366,-93.21059,Copainalá
19.95432,-100.16385,Contepec
19.32639,-99.73194,Conjunto Urbano la Loma I
18.03427,-99.04124,Copalillo
16.60774,-98.97821,Copala
17.46417,-98.7125,Copanatoyac
19.20625,-103.80952,Coquimatlán
19.89278,-101.21362,Copándaro de Galeana
16.71191,-93.12089,Copoya
18.8842,-96.92559,Córdoba
18.90861,-96.97889,Córdoba (Santa Leticia)
21.95028,-102.33222,Corral de Barrancos
18.11461,-95.11542,Corral Nuevo
24.41501,-106.69073,Cosalá
20.20001,-100.36546,Coroneo
20.48008,-100.96067,Cortazar
19.33196,-96.9903,Cosautlán de Carvajal
18.36759,-95.79857,Cosamaloapan de Carpio
22.35,-102.3,Cosío
18.60055,-96.68524,Cosolapa
18.60194,-96.68278,Cosolapa
19.80922,-102.70198,Cotija de la Paz
17.99794,-94.63542,Cosoleacaque
18.26682,-97.14996,Coxcatlán
20.18398,-97.58568,Coxquihui
25.6951,-103.2842,Coyote
19.3467,-99.16174,Coyoacán
19.77722,-99.21295,Coyotepec
17.00895,-100.08714,Coyuca de Benítez
18.32614,-100.69898,Coyuca de Catalán
20.2472,-97.65824,Coyutla
20.63333,-103.2,Coyula
21.32111,-101.97333,Cristeros [Fraccionamiento]
27.75054,-107.6352,Creel
16.35,-93.53333,Cristóbal Obregón
16.43246,-93.45689,Cristóbal Obregón
15.76889,-96.135,Crucecita
16.72241,-99.12356,Cruz Grande
18.81699,-97.51017,Cuacnopalan
19.35993,-99.29388,Cuajimalpa
19.48485,-101.50794,Cuanajo
16.47347,-98.41389,Cuajinicuilapa de Santa Maria
19.2968,-97.76917,Cuapiaxtla
19.10905,-98.32848,Cuanalá
18.91462,-97.82031,Cuapiaxtla de Madero
20.62194,-101.28001,Cuarta Brigada
22.54408,-98.15074,Cuauhtémoc
28.40884,-106.86319,Cuauhtémoc
19.44506,-99.14612,Cuauhtémoc
19.32861,-103.60284,Cuauhtémoc
16.75004,-99.0024,Cuautepec
27.43333,-110.01667,Cuauhtémoc (Campo Cinco)
20.03557,-98.31015,Cuautepec de Hinojosa
19.67029,-99.17865,Cuautitlán
19.64388,-99.21598,Cuautitlán Izcalli
19.08912,-98.27137,Cuautlancingo
18.80459,-98.94555,Cuautla Morelos
18.87642,-97.02171,Cuautlapan
20.66092,-101.46203,Cuchicuato
20.62498,-101.67201,Cuerámaro
24.87116,-103.69731,Cuencamé
18.9261,-99.23075,Cuernavaca
17.80272,-96.95939,Cuicatlan
17.93889,-94.28,Cuichapa
18.77223,-96.8698,Cuichapa
18.8138,-96.72392,Cuitláhuac
16.97756,-96.78081,Cuilapan de Guerrero
20.34278,-102.78389,Cuitzeo (La Estancia)
19.96944,-101.14069,Cuitzeo del Porvenir
24.79032,-107.38782,Culiacán
24.82538,-107.53445,Culiacancito
29.99587,-109.78087,Cumpas
18.06557,-93.17302,Cunduacán
18.46783,-100.58089,Cutzamala de Pinzón
20.74202,-89.31732,Cuzama
20.46702,-102.14976,Degollado
32.35497,-115.19617,Delta
17.94167,-94.99806,Dehesa
19.2075,-96.27333,Delfino Victoria (Santa Fe)
23.67211,-100.18134,Doctor Arroyo
32.22756,-115.16792,Doctor Alberto Oviedo Mota
16.34611,-93.41667,Doctor Domingo Chanona
19.65528,-99.92639,Dolores Hidalgo
21.1425,-100.31906,Doctor Mora
21.15611,-100.9325,Dolores Hidalgo Cuna de la Independencia Nacional
19.14064,-98.45751,Domingo Arenas
19.87444,-98.93472,Don Antonio
20.09169,-99.24362,Doxey
21.087,-101.5237,Duarte
20.38888,-89.46855,Dzan
23.00175,-102.17405,Dulce Grande
21.21036,-89.30956,Dzemul
21.24898,-89.04205,Dzidzantun
21.28098,-88.92957,Dzilam González
20.84089,-88.52908,Dzitás
20.31857,-90.05611,Dzitbalché
19.61725,-99.06601,Ecatepec
20.16188,-102.1934,Ecuandureo
18.95508,-98.75198,Ecatzingo de Hidalgo
29.68333,-108.26667,Ejido El Largo
30.14937,-106.88362,Ejido Benito Juárez
19.30139,-99.75028,Ejido San Lorenzo Cuauhtenco
25.35091,-102.95698,Ejido Venustiano Carranza
20.22139,-98.91222,El Arenal
16.56623,-96.73123,Ejutla de Crespo
16.09639,-92.83333,El Ámbar (El Ámbar de Echeverría)
17.06273,-92.72147,El Bosque
20.25972,-98.97417,El Boxtha
25.53878,-108.41286,El Burrión
25.64028,-103.325,El Cambio
27.47306,-99.62,El Campanario y Oradel
19.22972,-98.21944,El Carmen Aztama
19.32426,-97.6535,El Carmen Tequesquitla
24.01416,-106.85196,El Carrizo
24.1025,-110.41444,El Centenario
20.30222,-99.87067,El Cazadero
19.54661,-96.86425,El Castillo
17.6381,-101.47571,El Coacoyul
19.32337,-99.5425,El Cerrillo Vista Hermosa
20.40167,-97.34389,El Chote
19.06101,-104.25853,El Colomo
20.56185,-100.2452,El Colorado
25.95867,-97.81281,El Control
19.28306,-99.83528,El Cóporo
24.72389,-107.45194,El Diez
20.38317,-103.86131,El Crucero de Santa María
24.32283,-107.36298,El Dorado
16.48472,-95.04167,El Espinal
16.36862,-94.10449,El Espinal
26.41686,-108.61828,El Fuerte de Montes Claros
19.80603,-104.21805,El Grullo
19.42583,-99.35556,El Hielo
21.76708,-98.45186,El Higo
25.52,-103.48667,El Huarache (El Guarache)
20.23444,-98.96222,El Huaxtho
20.07569,-98.81972,El Huixmí
17.41491,-92.40293,El Limar
19.82546,-104.15633,El Limón
24.91361,-107.52333,El Limón de los Ramos
20.06537,-99.31976,El Llano
17.24621,-99.51646,El Ocotito
21.94389,-102.32278,El Llano
32.5075,-116.79194,El Niño
19.80272,-100.13081,El Oro de Hidalgo
19.25278,-99.465,El Pedregal de Guadalupe Hidalgo
19.35139,-98.94833,El Pino
20.53972,-100.44139,El Pueblito
20.54387,-103.28467,El Quince
20.6714,-103.73929,El Refugio
23.24556,-106.20583,El Roble
19.15556,-97.89444,El Rincón Citlaltépetl
24.25556,-107.18278,El Rosario
18.9525,-99.58972,El Salitre
20.33333,-104.5,El Salto
20.66596,-100.42288,El Salitre
18.17706,-96.0335,El Santuario
20.07694,-98.73722,El Saucillo
22.73111,-102.09528,El Saucito (El Horno)
20.06778,-98.73194,El Saucillo (Fraccionamiento)
31.89329,-116.69256,El Sauzal
20.47774,-100.1154,El Saúz
17.22694,-100.63917,El Súchil
19.07433,-96.16097,El Tejar
27.37057,-109.89379,El Tobarito
17.92323,-91.17049,El Triunfo
17.21639,-100.44472,El Ticui
25.64278,-108.425,El Varal (San Sebastián Número Uno)
20.43111,-100.35024,El Vegil
20.55567,-103.27901,El Verde
21.11257,-102.80555,El Zapote
24.32444,-107.36722,Eldorado
18.83677,-99.18207,Emiliano Zapata
19.6549,-98.54497,Emiliano Zapata
19.65417,-98.54639,Emiliano Zapata
19.55861,-97.91667,Emiliano Zapata
17.74058,-91.76635,Emiliano Zapata
19.34361,-98.97472,Emiliano Zapata
30.75417,-116.00306,Emiliano Zapata
19.57972,-99.78806,Emiliano Zapata (Santo Domingo)
19.64444,-99.91667,Emilio Portes Gil
25.91028,-100.28056,Emiliano Zapata
27.96166,-110.81411,Empalme
20.6725,-100.74675,Empalme Escobedo
21.52727,-102.23975,Encarnación de Díaz
31.86613,-116.59972,Ensenada
19.49842,-99.57502,Enthavi
25.855,-100.24722,Entronque Laredo-Salinas Victoria
18.60891,-90.74544,Escárcega
22.11167,-101.07305,Escalerillas
22.83253,-105.77539,Escuinapa de Hidalgo
15.31944,-92.65833,Escuintla
21.0101,-88.30686,Espita
32.19304,-114.99933,Estación Coahuila
30.72412,-109.5893,Esqueda
17.80889,-95.2175,Estación Juanita
21.95107,-105.1438,Estación Ruiz
19.88285,-100.94861,Estación Queréndaro
23.18972,-102.78472,Estación San José
24.01528,-99.20194,Estación Santa Engracia
26.91094,-109.6261,Etchojoa
26.76727,-109.68236,Etchoropo
20.76839,-104.07735,Etzatlán
21.95944,-102.27417,Ex-Viñedos Guadalupe
20.6646,-99.89697,Ezequiel Montes
19.17389,-99.56528,Ex-Rancho San Dimas
19.70667,-99.0725,Ex-Hacienda Santa Inés
19.5775,-88.04529,Felipe Carrillo Puerto
19.16325,-102.70834,Felipe Carrillo Puerto
20.055,-98.76333,Forjadores de Pachuca
20.20004,-97.70392,Filomeno Mata
18.90806,-97.0,Fortín de las Flores
19.09417,-96.15667,Fraccionamiento Arboledas San Ramón
18.15056,-94.5525,Fraccionamiento Ciudad Olmeca
25.82528,-100.24611,Fraccionamiento Cosmópolis Octavo Sector
19.37222,-99.74028,Fraccionamiento Colinas del Sol
19.20833,-96.21639,Fraccionamiento Costa Dorada
19.95083,-102.25639,Fraccionamiento Ex-Hacienda el Refugio
19.76167,-101.19444,Fraccionamiento Galaxia Tarímbaro
19.21722,-96.22639,Fraccionamiento Geovillas los Pinos
19.82917,-99.08278,Fraccionamiento la Trinidad
23.18833,-106.33,Fraccionamiento los Ángeles
19.49611,-96.88639,Fraccionamiento las Fuentes
18.95444,-99.25722,Fraccionamiento Lomas de Ahuatlán
17.97778,-94.63917,Fraccionamiento los Prados
19.75639,-101.20444,Fraccionamiento Metrópolis II
25.74556,-100.15194,Fraccionamiento Misión de San Javier
19.76556,-101.12167,Fraccionamiento Misión del Valle
18.10889,-92.86778,Fraccionamiento Ocuiltzapotlán Dos
19.38944,-99.64861,Fraccionamiento Real de San Pablo
25.90417,-100.15972,Fraccionamiento Real Palmas
19.41111,-99.57417,Fraccionamiento Rinconada del Valle
20.07111,-102.68667,Fraccionamiento San Miguel
18.86889,-97.12222,Fraccionamiento Valle Dorado
23.18126,-102.87136,Fresnillo
18.54326,-92.6453,Frontera
16.94583,-93.01306,Francisco Sarabia
15.66046,-92.14282,Frontera Comalapa
16.82111,-90.89028,Frontera Corozal
14.77744,-92.17741,Frontera Hidalgo
19.6325,-99.13861,Fuentes del Valle
25.79111,-108.56333,Gabriel Leyva Velázquez
20.505,-103.20472,Galaxia Bonito Jalisco
18.999,-98.1525,Galaxia la Calera
24.82642,-100.07782,Galeana
25.81147,-100.5941,García
20.45722,-103.41889,Galaxia la Noria
25.93611,-108.39639,Genaro Estrada
24.81917,-107.65667,General Ángel Flores (La Palma)
25.79239,-99.18147,General Bravo
25.65384,-100.37758,Garza García
25.37767,-101.47571,General Cepeda
22.99747,-102.74255,General Enrique Estrada
25.79516,-100.31461,General Escobedo
19.8975,-98.92611,General Felipe Ángeles (Los Ángeles)
22.66461,-102.11007,General Pánfilo Natera
25.25857,-99.68371,General Teran
20.56389,-100.24389,General Lázaro Cárdenas (El Colorado)
23.18056,-102.47589,Gonzales Ortega
23.92569,-99.2961,Graciano Sánchez
25.56985,-103.49588,Gomez Palacio
25.89535,-100.10686,General Zuazua
18.01932,-102.21225,Guacamayas
19.59278,-98.96667,Granjas Ampliación Santa Rosa
19.60111,-99.825,Guadalupe Cachi
20.66682,-103.39182,Guadalajara
17.17268,-96.81022,Guadalupe Etla
25.67678,-100.25646,"Guadalupe, Nuevo León"
19.43839,-98.07806,Guadalupe Texcalac
32.28924,-115.10534,Guadalupe Victoria
19.2911,-97.3429,Guadalupe Victoria
24.44401,-104.12156,Guadalupe Victoria
21.67972,-105.3275,Guadalupe Victoria
19.55472,-96.96056,Guadalupe Victoria
26.09117,-106.9626,Guadalupe y Calvo
22.75305,-102.51822,"Guadalupe, Zacatecas"
25.46404,-108.08199,Guamúchil
19.35833,-98.5375,Guadalupe Zaragoza
21.01858,-101.2591,Guanajuato
22.38306,-98.48306,Guayalejo
25.56745,-108.46756,Guasave
27.91928,-110.89755,Guaymas
22.8694,-98.75886,Gustavo A. Madero
24.01548,-99.20074,Guillermo Zúñiga
20.45347,-97.08588,Gutiérrez Zamora
20.51944,-103.39306,Hacienda los Fresnos
23.08333,-102.68333,Hacienda Toribio
20.51806,-103.38056,Hacienda Santa Fe
20.4777,-90.08104,Halachó
25.91472,-100.16278,Hacienda San Pedro
20.17735,-90.13357,Hecelchakán
25.63556,-100.12667,Héctor Caballero
28.04306,-103.79111,Hércules
29.1026,-110.97732,Hermosillo
18.77143,-95.76181,Heroica Alvarado
32.51097,-114.92278,Hermosillo
30.71825,-112.15822,Heroica Caborca
19.07275,-97.04685,Heroica Coscomatepec de Bravo
25.87972,-97.50417,Heroica Matamoros
19.43612,-100.35733,Heróica Zitácuaro
17.26944,-97.67917,Heroica Ciudad de Tlaxiaco
26.92961,-105.6662,Hidalgo del Parral
17.26916,-97.68053,Heroica Ciudad de Tlaxiaco
25.8579,-99.61898,Hidalgo
26.05,-98.2,Hidalgo
25.96892,-109.3042,Higuera de Zaragoza
17.77127,-94.64713,Hidalgotitlán
18.5775,-99.18056,Higuerón
20.8162,-89.24626,Hocaba
20.86513,-89.20125,Hoctun
20.73918,-89.2849,Homun
19.74671,-89.84437,Hopelchén
19.31491,-97.92321,Huamantla
19.40056,-98.16,Hualcaltzinco
24.88572,-99.67439,Hualahuises
17.80287,-98.56417,Huamuxtitlán
21.06035,-104.05091,Hostotipaquillo
22.63667,-105.31972,Huajicori
19.9914,-101.27597,Huandacareo
20.36783,-101.49869,Huanimaro
18.76667,-98.55,Huaquechula
26.8261,-109.6422,Huatabampo
15.83267,-96.32063,Huatulco
21.03105,-98.28685,Huautla
19.14876,-96.9676,Huatusco de Chicuellar
20.17376,-98.05491,Huauchinango
15.01981,-92.38249,Huehuetán
18.15667,-94.79306,Huazuntlán
18.1315,-96.84088,Huautla de Jiménez
18.75309,-98.77551,Huazulco
18.37355,-98.69061,Huehuetlán El Chico
19.83567,-99.20131,Huehuetoca
22.35881,-103.2114,Huejucar
19.15945,-98.40734,Huejotzingo
22.62547,-103.89777,Huejuquilla
21.14,-98.41944,Huejutla de Reyes
18.62926,-100.897,Huetamo de Núñez
18.88587,-98.68948,Hueyapan
18.14479,-95.14873,Hueyapan de Ocampo
19.47088,-98.34778,Hueyotlipan
19.91301,-99.07384,Hueypoxtla
19.94029,-97.28848,Hueytamalco
20.37593,-99.64869,Huichapan
20.72603,-89.16072,Huhi
19.68056,-99.25639,Huilango
19.93889,-97.28722,Hueytamalco
17.83386,-93.39198,Huimanguillo
18.75,-97.31667,Huiloapan
18.81722,-97.15444,Huiloapan de Cuauhtémoc
17.17174,-92.68578,Huitiupán
20.37199,-100.27737,Huimilpan
19.02983,-99.26788,Huitzilac
17.75633,-99.48013,Huitziltepec
18.30668,-99.33541,Huitzuco de los Figueroa
19.35985,-99.35016,Huixquilucan
16.65361,-98.30455,Huixtepec
21.01723,-89.87551,Hunucmá
15.1402,-92.46587,Huixtla
28.39355,-107.22774,Ignacio Zaragoza
18.38299,-92.84418,Ignacio Allende
18.34928,-99.53936,Iguala de la Independencia
19.85806,-102.05417,Ichán
30.78955,-110.84596,Imuris
19.78767,-100.96907,Indaparapeo
18.87716,-99.12237,Independencia
18.19583,-93.12056,Iquinuapa
20.67675,-101.35628,Irapuato
19.96156,-100.92202,Irámuco
19.70004,-100.47841,Irimbo
18.78714,-91.49277,Isla Aguada
22.73306,-105.84556,Isla del Bosque
18.20138,-96.48278,Isla Soyaltepec
21.23114,-86.73105,Isla Mujeres
20.91644,-89.69823,Itzincab Palomeque
18.50139,-99.79139,Ixcateopan de Cuauhtémoc
21.23695,-98.00689,Ixcatepec
17.29341,-93.00829,Ixhuatán
18.89728,-97.14803,Ixhuatlancillo
21.15235,-89.48182,Ixil
17.43093,-93.09704,Ixtacomitán
18.85504,-97.06088,Ixtac Zoquitlán
20.47841,-99.21697,Ixmiquilpan
16.80368,-92.90626,Ixtapa
20.71641,-105.20487,Ixtapa
17.64344,-101.55212,Ixtapa-Zihuatanejo
17.66782,-101.64165,Ixtapa
19.31556,-98.88284,Ixtapaluca
19.25111,-97.89472,Ixtenco
18.84369,-99.67671,Ixtapan de la Sal
19.83889,-98.01444,Ixtlahuaca Barrio
19.56889,-99.76694,Ixtlahuaca de Rayón
19.88139,-98.86028,Ixtlahuaca de Cuauhtémoc
20.86405,-103.24029,Ixtlahuacán del Río
20.3486,-103.19336,Ixtlahuacán de los Membrillos
21.03907,-104.37116,Ixtlán del Río
20.16894,-102.39364,Ixtlán
20.93537,-89.01802,Izamal
19.35738,-99.0671,Iztapalapa
19.39528,-99.09778,Iztacalco
18.60151,-98.46499,Izúcar de Matamoros
21.00952,-99.19134,Jacala
21.10484,-104.43764,Jala
19.98056,-98.78833,Jagüey de Téllez (Estación Téllez)
19.49556,-96.85278,Jacarandas
17.72168,-92.81272,Jalapa
16.5,-95.46667,Jalapa
19.80333,-97.3083,Jalacingo
21.48122,-105.09851,Jalcocotán
18.82465,-97.08812,Jalapilla
21.16741,-102.46386,Jalostotitlán
21.63432,-102.98005,Jalpa
19.67833,-99.87389,Jalpa de los Baños
21.21802,-99.47152,Jalpan
18.17633,-93.063,Jalpa de Méndez
19.7296,-98.63456,Jaltepec
19.75399,-99.09367,Jaltenco
21.13284,-98.53898,Jaltocan
19.23144,-104.68479,Jaluco
19.04179,-96.24143,Jamapa
20.29349,-102.70754,Jamay
18.71694,-98.77635,Jantetelco
19.56058,-101.67785,Jarácuaro
20.37266,-101.06361,Jaral del Progreso
25.62944,-100.18778,Jardines de la Silla (Jardines)
16.72847,-93.03463,Jardínes del Grijalva
23.40621,-99.38072,Jaumave
20.51889,-103.42222,Jardines de San Sebastián
20.06972,-98.41778,Javier Rojo Gómez
18.27389,-88.68111,Javier Rojo Gómez
22.64862,-102.99034,Jerez de García Salinas
20.15467,-100.5086,Jerécuaro
17.43526,-95.02637,Jesús Carranza
19.12089,-99.98786,Jesús del Monte
19.375,-99.29444,Jesús del Monte
21.99607,-102.29095,Jesús Gómez Portugal
21.99917,-102.29139,Jesús Gómez Portugal (Margaritas)
21.96111,-102.34333,Jesús María
18.87667,-97.62306,Jesús Nazareno
19.37306,-99.6275,Jicaltepec Cuexcontitlán
19.37167,-99.64083,Jicaltepec Autopan
28.33333,-105.4,Jiménez
19.95194,-99.53278,Jilotepec de Molina Enríquez
19.86889,-99.06194,Jilotzingo
19.61184,-96.95169,Jilotepec
19.99482,-102.71969,Jiquílpan de Juárez
16.66806,-93.64667,Jiquipilas
17.06723,-92.86111,Jitotol de Zaragoza
18.88139,-99.17778,Jiutepec
19.71068,-99.78831,Jocotitlán
20.28527,-103.42897,Jocotepec
18.32779,-98.84566,Jolalpan
18.61472,-99.18028,Jojutla
18.68308,-98.80302,Jonacatepec de Leandro Valle
18.08984,-92.13807,Jonuta
19.05032,-99.53375,Joquicingo de León Guzmán
19.94889,-105.32778,José María Pino Suárez (Nuevo Nahuapa)
19.30972,-98.84667,Jorge Jiménez Cantú
17.24667,-92.36278,Joshil
24.93972,-107.82083,Juan Aldama (El Tigre)
24.29188,-103.39272,Juan Aldama
25.75694,-108.8247,Juan Jose Rios
19.72917,-97.19667,Juan Marcos (San José Buenavista)
17.99389,-95.40139,Juan Rodríguez Clara
18.81139,-98.92194,Juan Morales
20.50888,-103.17025,Juanacatlán
25.64724,-100.09582,Juárez
19.36056,-98.525,Juárez Coronaco
21.40862,-103.11663,Juchipila
16.43603,-95.01975,Juchitán de Zaragoza
19.10224,-98.87987,Juchitepec de Mariano Riva Palacio
20.08472,-104.09837,Juchitlán
19.45915,-100.49483,Jungapeo de Juárez
20.93482,-89.55871,Kanasín
21.10182,-87.48644,Kantunilkin
20.79645,-89.03539,Kantunil
20.91519,-89.94825,Kinchil
16.99778,-99.78,Kilómetro 30
16.86444,-92.46111,Kotolte
21.10342,-89.66242,Komchén
19.74306,-101.135,La Aldea
20.90166,-101.47852,La Aldea
20.29028,-102.54565,La Barca
20.49528,-103.24833,La Alameda
20.7979,-101.33212,La Calera
20.75287,-97.9084,La Ceiba
19.35611,-99.74806,La Cabecera
18.95611,-99.58139,La Ciénega
20.60805,-100.33275,"La Cañada, Querétaro"
23.73052,-105.68882,La Ciudad
20.05472,-98.77028,La Colonia
24.22363,-107.1861,La Constancia
19.63322,-99.84424,La Concepción de los Baños
20.02111,-99.57611,La Comunidad
19.34861,-99.54917,La Constitución Toltepec
23.92126,-106.8925,La Cruz
21.15194,-101.73306,La Ermita
20.42123,-100.06616,La Estancia
19.07444,-101.50667,La Ermita (Nueva Jerusalén)
20.55255,-100.03591,La Fuente
18.66778,-98.45528,La Galarza
18.96312,-101.8072,"La Huacana, San Lucas"
19.4844,-104.64378,La Huerta
18.6,-96.15,La Isla
20.60677,-97.4995,La Isla Km 10
21.92501,-105.04031,La Jarretadera
18.66667,-99.46667,La Joya
29.91313,-112.69179,La Libertad
14.59167,-92.19315,La Libertad
17.91056,-92.93389,La Lima
20.47554,-100.16145,La Lira
20.46616,-99.9933,La Llave
19.28287,-98.19609,La Magdalena Tlaltelulco
31.15972,-110.97444,La Mesa
18.68333,-102.28333,La Mira Tumbiscatio
20.28297,-100.8059,La Moncada
24.14437,-110.3005,La Paz
17.99583,-102.22694,La Orilla
19.54306,-98.91111,La Pastoría
18.92809,-97.13365,La Perla
20.34763,-102.02806,La Piedad Cavadas
18.9275,-97.1325,La Perla
19.78129,-99.18267,La Planada
22.03438,-100.86677,La Pila
22.34358,-105.3935,La Presa
28.72268,-111.58687,La Providencia
20.65889,-100.34222,La Pradera
19.75833,-99.14667,La Providencia
24.69787,-99.54151,La Reforma
20.06417,-98.71722,La Providencia Siglo XXI
25.08164,-108.05673,La Reforma
19.60361,-104.43472,La Resolana
18.02333,-92.96306,La Selva
19.9,-104.4,La Tijera
20.58167,-103.44056,La Tijera
25.73367,-108.48409,La Trinidad
16.12271,-92.05521,La Trinitaria
19.09,-98.26389,La Trinidad Chautenco
26.81961,-109.60831,"La Unión, Sonora"
17.98561,-101.80655,"La Unión, Guerrero"
20.72795,-103.54509,La Venta del Astillero
21.3559,-101.93399,Lagos de Moreno
27.02549,-100.50528,Lampazos de Naranjo
27.03056,-103.36667,Laguna del Rey (Químicas del Rey)
19.15194,-96.19778,Las Amapolas
16.36667,-94.61667,Las Amilpas
17.93333,-94.08333,Las Choapas
20.19611,-97.97667,Las Colonias de Hidalgo
32.40889,-116.94361,Las Delicias
19.97222,-99.55611,Las Huertas
20.6925,-105.27389,Las Jarretaderas
19.43061,-104.70646,Las Juntas
16.31265,-91.98107,Las Margaritas
22.93672,-109.94235,Las Palmas
20.57376,-103.32345,Las Pintas de Arriba
21.18021,-105.13595,Las Varas
20.56444,-103.30222,Las Pintitas
25.95167,-100.31806,Las Torres
23.15028,-109.70611,Las Veredas
19.63728,-97.09835,Las Vigas
16.76144,-99.22942,Las Vigas
16.60417,-93.79139,Lázaro Cárdenas
23.45056,-102.9625,Lázaro Cárdenas (Rancho Grande)
21.13052,-101.671,León
20.90944,-89.60111,Leona Vicario
18.62936,-95.51968,Lerdo de Tejada
20.9897,-87.20224,Leona Vicario
19.28881,-99.51163,Lerma de Villada
25.66163,-108.637,Leyva Solano
19.45785,-97.71444,Libres
24.65667,-107.545,Licenciado Benito Juárez (Campo Gobierno)
24.85798,-99.56768,Linares
19.62139,-104.53444,Lo Arado
23.31774,-99.02608,Llera
19.40278,-99.61639,Llano de la Y
20.76833,-101.34111,Lo de Juárez
19.64222,-99.32778,Loma de San José
25.71111,-100.13472,Loma la Paz
20.57222,-101.29417,Loma Pelada
19.36139,-98.94472,Lomas de Altavista
19.6275,-99.34611,Loma Larga
18.14806,-94.52639,Lomas de Barrillas
19.19333,-96.21056,Lomas de Río Medio Cuatro
32.54278,-116.65139,Lomas de Santa Anita
20.5275,-103.46778,Lomas de San Agustín
20.4925,-103.4175,Lomas del Sur
19.50446,-96.88899,Lomas Verdes
19.15806,-102.05111,Lombardía
26.01217,-111.34888,Loreto
22.27248,-101.98898,Loreto
32.7,-114.73333,Los Algodones
21.50976,-97.75705,Los Altos
18.88722,-99.02417,Los Arcos
14.86745,-92.302,Los Cafetales
25.79535,-108.99244,Los Mochis
18.24361,-95.12222,Los Mangos
17.89056,-95.34944,Los Tigres (San Marcos)
20.15529,-98.16424,Los Reyes
20.43917,-103.23778,Los Olivos
19.36357,-98.97707,Los Reyes La Paz
20.71083,-103.69139,Los Ruiseñores
22.96139,-102.05556,Los Zacatones
19.20194,-96.21139,Los Torrentes
17.87704,-93.07273,Luis Gil Pérez
20.05389,-98.75639,Los Tuzos
22.43237,-102.24864,Luis Moya
18.91667,-100.4,Luvianos
17.01583,-96.54,Macuilxóchitl de Artigas Carranza
18.15026,-92.86092,Macultepec
32.47306,-116.80278,Maclovio Rojas
17.76152,-92.5965,Macuspana
19.08459,-103.87123,Madrid
30.62789,-110.96203,Magdalena de Kino
18.54972,-97.48472,Magdalena Cuayucatepec
17.24083,-96.82083,Magdalena Apasco
19.33212,-99.21118,Magdalena Contreras
16.90393,-96.5584,Magdalena Teitipac
18.94591,-99.50273,Malinalco
17.24501,-98.67091,Malinaltepec
18.81034,-97.27668,Maltrata
20.47857,-89.36498,Mama
20.38774,-89.39189,Mani
19.09425,-96.33351,Manlio Fabio Altamirano
20.11194,-98.70694,Manuel Ávila Camacho
19.56236,-100.27703,Manzana de San Luis
29.56444,-104.41639,Manuel Ojinaga
19.56917,-99.70361,Manzana Tercera de Santa Cruz Tepexpan
19.11695,-104.34214,Manzanillo
19.05222,-104.31583,Manzanillo
15.43358,-92.90039,Mapastepec
25.8338,-103.8461,Mapimí
19.89167,-100.44229,Maravatío
20.20514,-100.96331,Maravatío del Encinal
20.99884,-101.28751,Marfil
27.36778,-109.88583,Marte R. Gómez (Tobarito)
18.91333,-97.13,Mariano Escobedo
16.58335,-98.81686,Marquelia
25.87896,-100.03244,Marín
20.07082,-97.06078,Martínez de la Torre
17.74121,-99.32909,Mártir de Cuilapan
20.52613,-104.78781,Mascota
21.89036,-101.65059,Matancillas (San Isidro Matancillas)
25.52699,-103.2285,Matamoros
23.64824,-100.64334,Matehuala
16.87902,-95.03939,Matías Romero
20.58456,-90.001,Maxcanú
18.1729,-99.43259,Mayanalán
14.86319,-92.4503,Mazatán
19.9161,-103.02027,Mazamitla
19.17861,-98.18917,Mazatecochco
18.72061,-99.36126,Mazatepec
23.2329,-106.4062,Mazatlán
17.4362,-99.46483,Mazatlán
18.22001,-94.83794,Mecayapan
21.14972,-101.6225,Medina
27.87933,-101.51615,Melchor Múzquiz
20.20917,-97.68083,Mecatlán
18.03694,-93.3625,Melchor Ocampo
20.97537,-89.61696,Mérida
19.70246,-99.1438,Melchor Ocampo
19.25934,-99.60175,Metepec
32.62781,-115.45446,Mexicali
20.73556,-97.85194,Metlaltoyuca
21.26538,-102.77985,Mexticacán
18.87889,-98.74667,Metepec
17.9324,-99.60257,Mezcala
20.9497,-102.84725,Mezcala
19.42847,-99.12766,Mexico City
20.52903,-101.07064,Mexicanos
16.33276,-96.59562,Miahuatlán de Porfirio Díaz
18.77071,-99.36042,Miacatlán
30.61861,-106.51222,Miguel Ahumada
26.42969,-99.15212,Mier
28.84028,-111.4775,Miguel Alemán (La Doce)
24.29421,-103.4509,Miguel Auza
19.84574,-99.11193,Miguel Bocanegra
18.25691,-93.31073,Miguel Hidalgo
28.15361,-105.39389,Miguel Hidalgo
19.43471,-99.20091,Miguel Hidalgo
26.0011,-100.52988,Mina
27.65144,-101.28212,Minas de Barroterán
19.36667,-104.06667,Minatitlán
19.19251,-99.02317,Milpa Alta
17.99925,-94.55441,Minatitlán
19.62056,-100.28436,Mineral de Angangueo
22.32085,-97.8595,Miramar
20.13958,-98.67417,Mineral del Monte
19.22492,-98.81333,Miraflores
19.92992,-96.85194,Misantla
25.74,-100.14417,Misión San Pablo
25.77583,-100.42583,Mitras Poniente
20.23031,-99.21396,Mixquiahuala de Juarez
18.7258,-95.98696,Mixtequilla
25.95156,-108.93049,Mochicahui
25.48202,-107.92008,Mocorito
29.80615,-109.67949,Moctezuma
20.78693,-98.72878,Molango
19.44972,-99.60222,Molino Abajo
26.90687,-101.42056,Monclova
18.96587,-97.01657,Monte Blanco
22.30362,-103.56751,Monte Escobedo
25.18909,-99.82865,Montemorelos
25.62611,-100.15694,Monte Kristal
19.45711,-98.90835,Montecillo
20.76333,-100.42861,Montenegro
19.70078,-101.18443,Morelia
25.67507,-100.31847,Monterrey
22.22552,-97.91213,Moralillo
22.86215,-102.61061,Morelos
19.64889,-101.23889,Morelos
18.73684,-97.41907,Morelos Cañada
15.36694,-92.24605,Motozintla
20.12571,-101.19208,Moroleón
21.09571,-89.28332,Motul
18.64252,-96.72949,Motzorongo
26.89141,-111.9826,Mulegé
19.24968,-98.40473,Moyotzingo
20.48794,-89.71387,Muna
20.12858,-99.19948,Munitepec de Madero
18.16971,-93.01843,Nacajuca
16.73056,-92.72528,Nachig
30.4,-109.65,Nacozari Viejo
31.32701,-109.94669,Naco
19.65506,-101.91704,Nahuatzén
27.85736,-105.49233,Naica
19.65474,-96.8732,Naolinco de Victoria
19.77708,-101.75947,Naranja de Tapia
21.35087,-97.68656,Naranjos
28.42071,-100.76565,Nava
20.20795,-96.77305,Nautla
19.47851,-99.23963,Naucalpan de Juárez
19.39694,-99.27667,Naucalpan de Juárez
25.22462,-104.11458,Nazas
27.07015,-109.44391,Navojoa
24.7661,-107.70225,Navolato
25.39916,-103.42065,Nazareno
25.2275,-104.11389,Nazas
19.04945,-98.42645,Nealtican
20.21271,-98.01188,Necaxa
18.77861,-97.15361,Necoxtla
18.4591,-88.92802,Nicolás Bravo
19.74413,-99.06997,Nextlalpan
16.43955,-92.58228,Nicolás Ruiz
23.99609,-103.02013,Nieves
16.56401,-94.61373,Niltepec
21.36545,-102.84659,Nochistlán
19.63658,-99.30682,Nicolás Romero
20.54638,-103.46622,Nicolás R Casillas
19.04392,-101.16187,Nocupétaro
23.84891,-104.24712,Nombre de Dios
31.30862,-110.94217,Nogales
18.83141,-97.15603,Nogales
19.77829,-98.71046,Nopaltepec
19.21566,-97.82255,Nopalucan de la Granja
26.56219,-99.22863,Nueva Ciudad Guerrero
19.02492,-102.09318,Nueva Italia de Ruiz
27.94028,-101.21812,Nueva Rosita
15.80712,-92.75142,Nueva Palestina
16.81722,-91.26,Nueva Palestina
30.41552,-107.91166,Nuevo Casas Grandes
24.88544,-105.07552,Nuevo Ideal
16.46944,-93.43806,Nuevo México
27.47629,-99.51639,Nuevo Laredo
24.04784,-98.90085,Nuevo Padilla
20.7565,-103.44297,Nuevo México
23.17605,-97.95,Nuevo Progreso
19.41857,-102.13087,Nuevo San Juan Parangaricutiro
25.96306,-109.05401,Nuevo San Miguel
20.25572,-101.95106,Numarán
20.40046,-90.14803,Nunkiní
17.06542,-96.72365,Oaxaca de Juárez
18.90583,-98.98071,Oaxtepec
22.84695,-99.33866,Ocampo
27.31477,-102.3966,"Ocampo, Coahuila"
21.64756,-101.48006,"Ocampo, Guanajuato"
19.58298,-100.33946,"Ocampo, Michoacán"
16.90639,-92.09374,Ocosingo
19.58972,-98.89694,Ocopulco
17.2262,-93.1644,Ocotepec
16.76231,-93.37476,Ocozocoautla de Espinosa
20.3553,-102.77358,Ocotlán
19.13545,-98.28268,Ocotlán
19.27127,-99.45787,Ocoyoacac
29.56689,-104.54487,Ojinaga
22.61972,-105.60389,Ojo de Agua de Palmillas
18.87857,-98.77299,Ocuituco
21.86614,-101.59269,Ojuelos de Jalisco
19.68028,-99.01,Ojo de Agua
17.77861,-98.73944,Olinalá
18.74732,-96.7852,Omealca
17.92883,-94.89615,Oluta
16.69008,-98.40797,Ometepec
20.55169,-89.85714,Opichen
19.41163,-101.60515,Opopeo
17.40664,-93.33643,Ostuacán
19.37614,-97.62051,Oriental
18.85101,-97.10084,Orizaba
19.69985,-98.75638,Otumba de Gómez Farías
18.00231,-94.66764,Oteapan
20.30734,-89.41809,Oxkutzkab
16.78588,-92.34455,Oxchuc
21.6604,-97.85049,Ozuluama
19.03689,-98.79516,Ozumba de Alzate
22.17871,-102.34014,Pabellón de Hidalgo
20.11697,-98.73329,Pachuca de Soto
20.07191,-98.69619,Pachuquilla
20.278,-98.14997,Pahuatlán de Valle
18.26267,-94.69172,Pajapan
20.11924,-102.56568,Pajacuarán
17.50953,-91.98248,Palenque
27.89232,-101.42319,Palau
18.25503,-92.0911,Palizada
19.77132,-96.43225,Palma Sola
18.83563,-97.54774,Palmar de Bravo
18.89891,-97.63892,Palmarito Tochapán
18.88278,-97.11139,Palmira
17.1383,-95.06266,Palomares
21.29598,-88.26982,Panabá
21.91837,-101.96542,Palo Alto
21.29639,-88.27056,Panabá
20.46965,-99.26674,Panales
17.00563,-92.47165,Pantelhó
19.98518,-101.76096,Panindícuaro
17.00556,-92.46889,Pantelhó
17.73861,-101.63639,Pantla
19.31619,-98.27013,Panotla
20.195,-99.27083,Panuaya
22.05373,-98.18498,Pánuco
24.53972,-104.32707,Pánuco de Coronado
19.56341,-98.85681,Papalotla
19.16861,-98.20389,Papalotla
19.64745,-102.04897,Paracho de Verduzco
20.44655,-97.32495,Papantla de Olarte
20.14473,-100.76211,Parácuaro
18.40116,-93.21406,Paraiso
19.39944,-99.32694,Paraje el Mirador
18.87868,-96.86054,Paraje Nuevo
16.05083,-93.86667,Paredón
25.78861,-100.44778,Parque Industrial Ciudad Mitras
20.14278,-98.34083,Parque Urbano Napateco
25.44156,-102.1792,Parras de la Fuente
17.91418,-92.91775,Parrilla
20.56917,-103.19056,Paseo Puente Viejo
20.3413,-99.92697,Paso de Mata
20.27278,-102.54528,Paso de Hidalgo (Paso de Álamos)
19.28504,-96.43999,Paso de Ovejas
19.78194,-99.0175,Paseos de San Juan
18.97191,-96.72445,Paso del Macho
19.14133,-101.46889,Pedernales
19.035,-96.13555,Paso del Toro
19.51594,-101.60887,Pátzcuaro
18.59639,-99.17306,Pedro Amaro
28.28333,-105.48333,Pedro Meoqui
20.49963,-100.14278,Pedro Escobedo
18.86722,-98.96833,Peña Flores (Palo Verde)
20.10737,-101.93333,Penjamillo de Degollado
20.43222,-101.72129,Pénjamo
24.79289,-104.02659,Peñón Blanco
19.5201,-102.41397,Peribán de Ramos
19.5633,-97.24228,Perote
17.22715,-92.41511,Petalcingo
25.78481,-100.05071,Pesquería
17.48636,-99.45633,Petaquillas
17.53768,-101.26798,Petatlán
20.12776,-88.92282,Peto
17.51,-93.11591,Pichucalco
19.57289,-101.80737,Pichátaro
18.77026,-96.17178,Piedras Negras
15.68618,-93.20938,Pijijiapan
19.24991,-103.38275,Pihuamo
28.70007,-100.52353,Piedras Negras
22.29734,-101.57512,Pinos
18.74841,-99.67545,Pilcaya
16.42742,-97.97661,Pinotepa de Don Luis
20.69972,-88.58889,Pisté
30.67663,-112.05466,Pitiquito
21.27182,-98.37456,Platón Sánchez
23.22922,-102.8429,Plateros
20.6274,-87.07987,Playa del Carmen
17.83031,-95.81361,Playa Vicente
30.80194,-112.71833,Plutarco Elías Calles (La Y Griega)
17.27722,-94.45194,Poblado 10
25.77046,-103.60707,Poanas
26.2225,-109.06167,Poblado Número Cinco
18.17419,-93.62356,Poblado C-11 José María Morelos y Pavón
17.9675,-93.565,Poblado C-33 20 de Noviembre
17.66472,-99.22278,Pochahuizco
18.04972,-92.93056,Pomoca
20.13727,-90.17488,Pomuch
22.26222,-98.58972,Ponciano Arriaga
25.98222,-100.14333,Portal de las Salinas
20.37963,-102.92557,Poncitlán
32.4425,-117.03417,Pórticos de San Antonio
20.53315,-97.45946,Poza Rica de Hidalgo
27.626,-110.4158,Potam
21.0797,-97.72814,Potrero del Llano
22.94861,-102.5701,Pozos de Gamboa
31.36667,-106.01667,Praxédis Guerrero
19.72154,-99.08366,Prados San Francisco
19.63998,-98.97519,Prados de San Juan
20.15946,-99.25242,Presas
16.33583,-92.66861,Presidente Echeverría (Laja Tendida)
20.08139,-98.73694,PRI Chacón
32.22226,-116.9139,Primo Tapia
32.58039,-115.58479,Progreso
19.37222,-98.93889,Profesor Carlos Hank González
20.24929,-99.18988,Progreso de Alvaro Obregon
18.88008,-99.1526,Progreso
21.28546,-89.64744,Progreso de Castro
19.63679,-99.35688,Progreso Industrial
19.04334,-98.20193,Puebla
27.20361,-109.555,Pueblo Mayo
32.56654,-115.3534,"Puebla, Baja California"
17.64341,-93.15964,Pueblo Juárez
23.37927,-105.38313,Pueblo Nuevo
17.16027,-92.89977,Pueblo Nuevo Jolistahuacan
19.67595,-99.61093,Pueblo Nuevo
27.35521,-110.03444,Pueblo Yaqui
20.52516,-101.37196,"Pueblo Nuevo, Guanajuato"
18.61472,-99.31806,Puente de Ixtla
20.56977,-103.15377,Puente Grande
19.68806,-101.12722,Puerto de Buenavista (Lázaro Cárdenas)
15.87037,-97.07726,Puerto Escondido
19.55194,-99.09806,Puerto Escondido (Tepeolulco Puerto Escondido)
18.14778,-94.51778,Puerto Esmeralda
31.77718,-107.63439,Puerto Palomas
31.31716,-113.53799,Puerto Peñasco
14.72076,-92.42146,Puerto Madero
20.617,-105.23018,Puerto Vallarta
20.18915,-96.90693,Puntilla Aldama
21.58443,-104.82318,Puga
19.71738,-104.60534,Purificación
19.0963,-101.52234,Puruarán
19.91039,-102.00625,Puréparo de Echaíz
20.08886,-101.51579,Puruándiro
18.95422,-97.66041,Quecholac
17.0263,-97.92854,Putla Villa de Guerrero
17.41222,-99.24321,Quechultenango
19.38708,-103.57243,Quesería
19.62222,-99.41806,Quinto Barrio (Ejido Cahuacán)
24.42362,-107.22186,Quila
32.4375,-117.06583,Quinta del Cedro
19.66557,-101.52287,Quiroga
18.80553,-97.02751,Rafael Delgado
18.5718,-98.44025,Raboso
19.22936,-97.79844,Rafael Lara Grajales
19.25413,-97.18315,Rafael J. García
25.53928,-100.94742,Ramos Arizpe
19.59308,-96.99023,Rafael Lucio
31.91611,-116.58833,Rancho Verde
20.47361,-103.25778,Rancho Alegre [Fraccionamiento]
17.20137,-93.0111,"Rayón, Chiapas"
17.18833,-93.60583,Raudales Malpaso
21.84331,-99.64305,"Rayón, San Luis Potosí"
25.93833,-100.18111,Real del Sol
19.75056,-101.19694,Real Hacienda (Metrópolis)
20.54556,-103.36972,Real del Valle (El Paraíso) [Fraccionamiento]
19.7755,-98.98079,Reyes Acozac
26.08061,-98.28835,Reynosa
16.39397,-92.69618,Ricardo Flores Magón
17.20718,-92.93912,Rincón Chamula
22.22819,-102.32216,Rincón de Romos
19.41361,-100.2975,Rincón de Nicolás Romero (Cedros Tercera Manzana)
19.35501,-96.56763,Rinconada
20.02611,-98.71139,Rinconada de los Ángeles
20.42403,-100.75513,Rincón de Tamayo
20.12,-98.40167,Rincones de la Hacienda
18.83936,-97.12829,Río Blanco
25.98729,-98.09414,Río Bravo
17.78282,-92.90042,Río de Teapa
21.5967,-88.15773,Río Lagartos
19.35234,-98.67049,Río Frío de Juárez
23.82647,-103.03034,"Río Grande, Zacatecas"
21.93032,-99.99169,Río Verde
19.20972,-96.20889,Río Medio [Granja]
25.1786,-104.5595,Rodeo
21.14861,-101.76194,Rizos de la Joya (Rizos del Saucillo)
20.87127,-101.51683,Romita
31.72099,-116.57184,Rodolfo Sánchez Taboada
22.12208,-105.2064,Rosamorada
28.18787,-105.55824,Rosales
21.12454,-104.35811,Rosa Blanca
27.84111,-109.36806,Rosario de Tesopaco
20.58228,-100.83727,Roque
18.971,-91.17877,Sabancuy
26.50358,-100.18187,Sabinas Hidalgo
32.36044,-117.04645,Rosarito
20.49749,-89.59035,Sacalum
29.05408,-109.23399,Sahuaripa
23.58086,-103.24807,Sain Alto
20.05859,-102.71575,Sahuayo de Morelos
20.57196,-101.19154,Salamanca
16.18405,-95.20143,Salina Cruz
22.86605,-102.08305,Salitral de Carrera
22.62795,-101.71417,Salinas de Hidalgo
18.05306,-92.93639,Saloya 2da. Sección
19.43333,-99.85,Salitrillo
18.59119,-95.53226,Saltabarranca
25.42321,-101.0053,Saltillo
17.55435,-92.33941,Salto de Agua
20.21249,-100.87923,Salvatierra
17.00389,-96.70806,San Agustin de las Juntas
19.96196,-101.07305,San Agustín del Pulque
20.11604,-98.88562,San Agustín Tlaxiaca
19.64248,-99.93051,San Agustín Mextepec
17.08056,-96.66806,San Agustín Yatareni
18.90417,-98.25278,San Andrés Azumiatla
18.58278,-97.58494,San Andrés Cacaloapan
19.05,-98.3,San Andrés Cholula
19.10391,-98.45796,San Andrés Calpan
17.12861,-92.80333,San Andrés Duraznal
16.32968,-97.91672,San Andrés Huaxpaltepec
17.10264,-96.66556,San Andrés Huayápam
19.81988,-103.46906,San Andrés Ixtlán
19.19297,-99.58612,San Andrés Ocotlán
18.96694,-98.80778,San Andrés Tlalamac
18.4487,-95.21327,San Andres Tuxtla
18.87722,-98.71083,San Antonio Alpanocan
19.274,-99.77169,San Antonio Acahualco
19.26083,-99.71194,San Antonio Buenavista
19.56222,-99.97111,San Antonio de las Huertas
17.02833,-96.70056,San Antonio de la Cal
19.75472,-99.81667,San Antonio Enchisi
25.69444,-103.28556,San Antonio del Coyote
20.62833,-100.76778,San Antonio Gallardo
19.15333,-98.30472,San Antonio Mihuacán
19.16306,-99.56722,San Antonio la Isla
18.99889,-97.71361,San Antonio Portezuelo
19.21778,-98.98806,San Antonio Tecómitl
19.24496,-100.05329,San Bartolo
19.65139,-100.60111,San Bartolo Cuitareo
19.59975,-99.70377,San Bartolo del Llano
16.76151,-96.4897,San Baltazar Chichicapam
19.8151,-99.01044,San Bartolo Cuautlalpan
19.29889,-99.82389,San Bartolo el Viejo
20.49556,-100.54833,San Bartolomé Aguas Calientes
18.48924,-97.52598,San Bartolo Teontepec
19.06963,-99.60981,San Bartolomé Atlatlahuca
19.06861,-99.61111,San Bartolomé Atlatlahuca
18.03235,-96.67002,San Bartolomé Ayautla
19.29333,-98.14806,San Bartolomé Cuahuixmatlac
19.40376,-99.28736,San Bartolomé Coatepec
21.54333,-105.28558,"San Blas, Nayarit"
19.22738,-99.62964,San Bartolomé Tlaltelulco
18.99722,-98.33083,San Bernabé Temoxtitla
26.08019,-108.7611,"San Blas, Sinaloa"
19.32932,-98.1664,San Bernardino Contla
27.06193,-101.54891,San Buenaventura
19.26595,-99.67332,San Buenaventura
17.55221,-91.15408,San Carlos
19.3025,-98.86306,San Buenaventura
19.24778,-98.46056,San Buenaventura Tecaltzingo
21.65181,-99.81914,San Ciro de Acosta
20.65787,-101.47683,San Cristóbal
16.31713,-96.40785,San Cristóbal Amatlán
20.99434,-101.99481,San Diego de Alejandría
18.72613,-98.44542,San Cristobal Tepeojuma
21.46575,-100.87277,San Diego de la Unión
16.73176,-92.64126,San Cristóbal de las Casas
19.14472,-99.63333,San Diego la Huerta
19.37611,-99.61222,San Diego los Padres Cuexcontitlán Sección 5 B
16.32371,-94.7583,San Dionisio del Mar
19.48942,-98.82289,San Dieguito Xochimanca
16.80457,-96.39334,San Dionisio Ocotepec
20.79889,-103.37444,San Esteban (San Miguel Tateposco)
22.38374,-105.4198,San Felipe Aztatán
21.47777,-101.21593,"San Felipe, Guanajuato"
19.69432,-99.95729,San Felipe del Progreso
31.02468,-114.83919,"San Felipe, Baja California"
18.0716,-96.53518,San Felipe Jalapa de Díaz
19.48972,-100.37389,San Felipe los Alzati (Colonia Nueva)
21.17109,-98.60744,San Felipe Orizatlán
17.88639,-96.52624,San Felipe Usila
16.87153,-93.20759,San Fernando
24.84749,-98.14828,San Fernando
20.55254,-98.00209,San Francisco
19.44279,-99.34398,San Francisco Chimalpa
19.34317,-98.85557,San Francisco Acuautla
19.36583,-99.35694,San Francisco Ayotuzco
16.23185,-94.63297,San Francisco del Mar Viejo
21.01843,-101.85515,San Francisco del Rincón
19.06889,-97.43028,San Francisco Independencia (Santa María Aserradero)
19.44194,-99.34194,San Francisco Chimalpa
16.35109,-94.48402,San Francisco Ixhuatan
19.12778,-99.63556,San Francisco Putla
20.01488,-99.53022,San Francisco Soyaniquilpan
19.19167,-99.00639,San Francisco Tecoxpa
17.29684,-96.90529,San Francisco Telixtlahuaca
19.06043,-99.54783,San Francisco Tepexoxica
19.24861,-98.43833,San Francisco Tepeyecac
19.29474,-99.76771,San Francisco Tlalcilalcalpan
21.0188,-103.01417,San Gabriel
19.92875,-98.98279,San Francisco Zacacalco
18.15171,-97.13775,San Gabriel Casa Blanca
18.32598,-97.34777,San Gabriel Chilac
19.76667,-104.0,"San Gabriel, Jalisco"
18.61417,-99.34694,San Gabriel las Palmas
16.09593,-97.08237,San Gabriel Mixtepec
18.80671,-99.66917,San Gaspar Tonatico
19.02293,-98.34736,San Gregório Atzompa
18.94175,-97.87353,San Hipólito Xochiltenango
19.26444,-98.49194,San Gregorio Aztotoacan
27.41656,-110.24584,San Ignacio Río Muerto
23.94105,-106.42467,"San Ignacio, Sinaloa"
19.56111,-99.78583,San Ildefonso
19.60111,-99.89083,San Isidro Boxipe
17.56818,-101.34499,San Jeronimito
18.50556,-97.40028,San Isidro Vista Hermosa
19.33972,-98.95056,San Isidro
19.26563,-99.41629,San Jerónimo Acazulco
19.63106,-99.94949,San Jerónimo Bonchete
19.265,-99.41583,San Jerónimo Acazulco
17.13674,-100.46832,San Jerónimo de Juárez
19.87861,-99.92333,San Jerónimo de los Jarros
19.29306,-98.84167,San Jerónimo Cuatro Vientos
16.57855,-95.10223,San Jerónimo Ixtepec
19.03189,-97.96736,San Jerónimo Ocotitlán
19.25417,-99.62778,San Jorge Pueblo Nuevo
19.24083,-98.26139,San Jerónimo Zacualpan
17.94802,-96.1701,San José Chiltepec
20.67474,-102.56989,San José de Gracia
19.23963,-97.76824,San José Chiapa
20.13067,-97.20997,San José Acateno
23.05888,-109.69771,San José del Cabo
22.14833,-102.41583,San José de Gracia
20.51405,-103.23796,San José del Castillo
22.685,-102.03778,San José el Saladillo (El Saladillo)
18.95972,-99.57722,San José el Cuartel
20.65339,-100.38218,San José el Alto
18.86279,-97.40628,San José Esperanza
21.00153,-100.38416,San José Iturbide
19.34472,-99.59194,San José Guadalupe Otzacatipan
19.65333,-99.38417,San José el Vidrio
17.70222,-101.61944,San José Ixtapa (Barrio Viejo)
18.2917,-97.28766,San José Miahuatlán
19.33558,-98.06455,San José Teacalco
19.43139,-99.35889,San José Tejamanil
17.77552,-96.30263,San Juan Bautista Valle Nacional
18.83456,-98.65894,San Juan Amecac
20.69536,-101.26487,San José Temascatío
19.75306,-99.96861,San Juan Coajomulco
16.61532,-98.15501,San Juan Cacahuatepec
20.81484,-105.19154,San Juan de Abajo
20.28756,-103.34109,San Juan Cosalá
19.91694,-101.12861,San Juan Benito Juárez (San Juan Tararameo)
20.62521,-100.76141,San Juan de la Vega
19.24755,-99.75834,San Juan de las Huertas
21.24891,-102.33184,San Juan de los Lagos
19.55111,-99.83833,San Juan de las Manzanas
20.3878,-99.99605,San Juan del Río
17.88704,-95.13845,San Juan Evangelista
18.46022,-97.83107,San Juan Ixcaquixtla
16.96231,-95.09418,San Juan Guichicovi
19.69806,-99.93,San Juan Jalpa Centro
19.23222,-98.2525,San Juan Huactzinco
20.21579,-99.06592,San Juan Tepa
16.95507,-96.54359,San Juan Guelavía
18.98306,-98.7875,San Juan Tepecoculco
19.93605,-97.55082,San Juan Tahitic
18.95,-98.43333,San Juan Tianguismanalco
19.22021,-99.66012,San Juan Tilapa
19.79563,-97.32578,San Juan Xiutetelco
21.01093,-102.17975,San Julián
19.32889,-99.32556,San Lorenzo Acopilco
17.12833,-96.8,San Lorenzo Cacaotepec
19.22389,-98.24861,San Lorenzo Axocomanitla
17.12774,-96.80244,San Lorenzo Cacaotepec
19.64972,-99.61333,San Lorenzo Malacota
19.8125,-99.91222,San Lorenzo Tlacotepec
19.6675,-100.48861,San Lorenzo Queréndaro
19.2028,-98.46513,San Lorenzo Chiautzingo
19.50917,-99.76278,San Lorenzo Toxico
16.61167,-92.71806,San Lucas
19.43355,-99.57761,San Lorenzo Oyamel
18.59031,-100.78529,San Lucas
19.67833,-99.97194,San Lucas Ocotepec
19.30583,-98.47833,San Lucas el Grande
18.06149,-96.39823,San Lucas Ojitlán
20.40815,-103.3608,San Lucas Evangelista
28.43333,-113.75,San Luis
19.79361,-100.92472,San Lucas Pío
16.80722,-98.73417,San Luis Acatlán
21.29861,-100.51639,San Luis de la Paz
21.29787,-100.51676,San Luis de la Paz
32.43167,-116.95361,"San Luis, Baja California"
22.14982,-100.97916,San Luis Potosí
32.45612,-114.77186,San Luis Río Colorado
20.06667,-99.33333,San Marcos
16.79772,-99.38921,San Marcos
20.79269,-104.19682,San Marcos
18.67312,-97.60324,San Marcos Tlacoyalco
19.44611,-103.50639,San Marcos
18.99417,-99.57,San Martín Coapaxtongo
19.32319,-99.6791,San Marcos Yachihuacaltepec
19.68667,-98.97278,San Martín Azcatepec
20.43538,-103.92878,San Martín Hidalgo
19.70582,-98.83554,San Martín de las Pirámides
19.28431,-98.43885,San Martin Texmelucan de Labastida
19.35194,-99.70583,San Martín Toltepec
19.42151,-98.21746,San Martín Xaltocan
19.32304,-99.46156,San Mateo Atarasquíllo
19.26757,-99.53214,San Mateo Atenco
16.21054,-94.98218,San Mateo del Mar
19.47028,-99.52611,San Mateo Capulhuac
19.69896,-99.17107,San Mateo Ixtacalco
19.2113,-99.58469,San Mateo Mexicaltzingo
19.33273,-99.60345,San Mateo Otzacatipan
18.91375,-97.7385,San Mateo Tlaixpan
19.16667,-99.46667,San Mateo Texcalyacac
19.70719,-99.25097,San Mateo Xoloc
19.32536,-98.49863,San Matias Tlalancaleca
19.21047,-99.44195,San Miguel Almaya
19.20944,-99.4425,San Miguel Almaya
19.30681,-99.4588,San Miguel Ameyalco
19.30639,-99.45806,San Miguel Ameyalco
19.10943,-99.65165,San Miguel Balderas
19.15194,-98.10306,San Miguel Canoa
20.41633,-103.38987,San Miguel Cuyutlán
19.36111,-98.1325,San Miguel Contla
19.44999,-98.87274,San Miguel Coatlinchoan
20.91528,-100.74389,San Miguel de Allende
24.83078,-105.3364,San Miguel de Papasquiaro
21.03011,-102.40414,San Miguel el Alto
20.501,-86.94598,San Miguel de Cozumel
19.59361,-99.32528,San Miguel Hila
19.72306,-99.05028,San Miguel Jaltocan
20.57428,-100.7478,San Miguel Octopan
16.24844,-97.38427,San Miguel Panixtlahuaca
16.9738,-95.76045,San Miguel Quetzaltepec
18.97833,-99.52861,San Miguel Tecomatlán
19.76028,-99.9225,San Miguel Tenochtitlán
19.70973,-97.59769,San Miguel Tenextatiloyan
19.29389,-98.53083,San Miguel Tianguistenco
19.23107,-99.59116,San Miguel Totocuitlapilco
19.99447,-99.31782,San Miguel Vindho
19.27022,-98.93588,San Miguel Xico Viejo
25.94831,-109.04738,San Miguel Zapotitlan
19.16815,-98.30824,San Miguel Xoxtla
18.75501,-97.65425,San Miguel Zozutla
19.28428,-99.73394,San Miguel Zinacantepec
20.47765,-99.93821,San Nicolás
19.16488,-97.55131,San Nicolas Buenos Aires
19.13735,-99.42948,San Nicolás Coatepec
25.74167,-100.30222,San Nicolás de los Garza
19.35889,-99.57167,San Nicolás Tolentino
19.07056,-98.48547,San Nicolás de los Ranchos
19.19917,-98.48833,San Nicolás Zecalacoayan
18.92417,-97.86528,San Nicolás Zoyapetlayoca
19.21694,-98.90918,San Pablo Atlazalpan
19.35638,-99.65724,San Pablo Autopan
18.99556,-97.70972,San Pablo de las Tunas
19.6667,-99.09527,San Pablo de las Salinas
17.27708,-96.88661,San Pablo Huitzo
16.81948,-96.78128,San Pablo Huixtepec
20.859,-99.89858,San Pablo Tolimán
19.67309,-98.95837,San Pablo Tecalco
19.22494,-104.70241,San Patricio
16.92283,-96.3599,San Pablo Villa de Mitla
19.48093,-99.567,San Pedro Abajo
16.65388,-98.09175,San Pedro Amuzgos
16.08333,-93.11667,San Pedro Buenavista
18.94722,-98.55139,San Pedro Benito Juárez
18.79306,-98.95972,San Pedro Apatlaco
25.43333,-103.21667,"San Pedro, Coahuila"
19.26359,-99.4859,San Pedro Chochula
19.26444,-99.48639,San Pedro Cholula
16.49134,-95.15649,San Pedro Comitancillo
19.58429,-99.8805,San Pedro el Alto
19.77806,-99.8125,San Pedro del Rosal
20.2283,-100.93875,San Pedro de los Naranjos
25.65716,-100.40268,San Pedro Garza Garcia
20.31724,-102.95406,San Pedro Itzicán
18.14555,-96.51011,San Pedro Ixcatlán
16.45181,-98.01367,San Pedro Jicayán
19.62537,-99.8217,San Pedro Los Baños
21.2192,-104.75228,San Pedro Lagunillas
29.19366,-108.14684,San Pedro Madera
16.2706,-96.28406,San Pedro Mixtepec
22.4482,-102.35,San Pedro Piedra Gorda
15.74587,-96.46601,San Pedro Pochutla
16.78295,-96.03085,San Pedro Quiatoni
16.37107,-94.19313,San Pedro Tapanatepec
19.11359,-99.52425,San Pedro Techuchulco
19.62944,-98.88972,San Pedro Tepetitlán
19.19973,-99.49956,San Pedro Tlaltizapan
19.26514,-99.50934,San Pedro Tultepec
19.06259,-99.65237,San Pedro Tlanixco
19.82666,-99.18466,San Pedro Xalpa
19.0775,-98.48333,San Pedro Yancuitlalpan
19.03659,-99.57771,San Pedro Zictepec
18.94278,-98.15611,San Pedro Zacachimalpa
30.5606,-115.94464,San Quintín
20.18862,-96.86737,San Rafael
20.97132,-101.85253,San Roque
19.29167,-98.46806,San Rafael Tlanalapan
19.26028,-99.59083,San Salvador Tizatlalli
19.13325,-97.64167,San Salvador El Seco
19.5517,-98.91867,San Salvador Atenco
19.10333,-98.16083,San Sebastián de Aparicio
19.79444,-103.47306,San Sebastián del Sur
20.51667,-103.41667,San Sebastián el Grande
16.95192,-96.61427,San Sebastian Teitipac
18.33586,-97.24387,San Sebastián Zinacatepec
19.06008,-97.71958,San Sebastián Villanueva
19.29273,-100.0807,San Simón de la Laguna
19.41687,-98.90202,San Vicente Chicoloapan
16.38852,-96.8439,San Vicente Coatlán
18.66282,-98.17392,San Sebastián Tenango
16.17861,-92.29333,San Vicente la Mesilla
21.95043,-105.2971,"San Vicente, Nayarit"
21.71886,-98.58769,San Vicente Tancuayalab
21.71833,-98.58778,San Vicente Tancuayalab
19.49333,-98.47156,Sanctorum
30.54075,-111.11888,Santa Ana
19.09917,-98.25417,Sanctorum
19.16097,-102.54059,Santa Ana Amatlán
19.58472,-99.8875,Santa Ana Ixtlahuaca (Santa Ana Ixtlahuacingo)
20.17484,-98.31209,Santa Ana Hueytlalpan
18.97056,-99.62361,Santa Ana Ixtlahuatzingo (Santa Ana)
19.59583,-99.87,Santa Ana la Ladera
19.54151,-99.39449,Santa Ana Jilotzingo
20.00778,-101.01987,Santa Ana Maya
20.34722,-102.01583,Santa Ana Pacueco
19.21214,-98.37946,Santa Ana Xalmimilulco
20.5509,-103.44396,Santa Anita
26.80527,-105.81902,Santa Bárbara
20.55056,-103.44,Santa Anita
19.38841,-98.14362,Santa Anita Huiloac
25.67325,-100.45813,Santa Catarina
18.96972,-99.14028,Santa Catarina
19.19833,-98.21361,Santa Catarina Ayometla
25.33961,-105.72445,Santa Catarina de Tepehuanes
19.20948,-98.92985,Santa Catarina Ayotzingo
16.23819,-97.29161,Santa Catarina Juquila
16.33712,-97.83693,Santa Catarina Mechoacán
24.475,-103.35694,Santa Clara
18.97616,-98.3014,Santa Clara
19.4058,-101.63998,Santa Clara del Cobre
19.40528,-101.63833,Santa Clara del Cobre
19.805,-99.88667,Santa Cruz Bombatevi
20.64337,-100.99286,Santa Cruz de Juventino Rosas
19.23944,-98.28222,Santa Cruz Aquiahuac
19.24907,-99.72939,Santa Cruz Cuauhtenco
17.05833,-96.68333,Santa Cruz Amilpas
20.48056,-103.50278,Santa Cruz de las Flores
19.96663,-96.87998,Santa Cruz Hidalgo
20.37514,-102.86382,Santa Cruz el Grande
19.76702,-99.22867,Santa Cruz del Monte
20.53333,-103.43333,Santa Cruz del Valle
19.2925,-98.20778,Santa Cruz Tetela
16.32321,-96.67369,Santa Cruz Xitla
17.02958,-96.73518,Santa Cruz Xoxocotlán
20.3289,-89.64363,Santa Elena
19.73333,-99.36667,Santa Gertrudis
18.4098,-98.02254,Santa Inés Ahuatempan
19.67257,-101.55487,Santa Fé de la Laguna
16.90639,-94.68333,Santa María Chimalapa
18.86489,-97.88662,Santa Isabel Tlanepantla
19.97694,-99.04472,Santa María Ajoloapan
18.98833,-99.65056,Santa María Aranzazú (Santa María)
19.31083,-98.355,Santa Justina Ecatepec
19.10924,-97.59253,Santa Maria Coatepec
19.63444,-99.725,Santa María del Llano
19.12207,-98.30672,Santa María Coronango
19.42155,-98.95038,Santa María Chimalhuacán
19.28973,-99.82355,Santa María del Monte
21.3339,-104.58696,"Santa María del Oro, Nayarit"
25.94944,-105.36444,"Santa María del Oro, Durango"
21.79615,-100.73815,Santa María del Río
17.04712,-96.63573,Santa María del Tule
16.30408,-97.91351,Santa María Huazolotitlan
19.72511,-99.16911,Santa María Huecatitla
19.51306,-101.76528,Santa María Huiramangaro (San Juan Tumbio)
19.18253,-97.81356,Santa María Ixtiyucan
19.98889,-99.33889,Santa María Ilucan
19.11167,-99.53583,Santa María Jajalpa
18.59965,-97.65835,Santa María la Alta
19.63005,-99.41184,Santa María Magdalena Cahuacán
19.2675,-99.5525,Santa María la Asunción
19.23713,-99.62418,Santa María Magdalena Ocotitlán
19.58081,-99.60919,Santa María Nativitas
20.03889,-98.29639,Santa María Nativitas
19.51528,-99.38694,Santa María Mazatla
18.94147,-98.30218,Santa María Malacatepec
16.8206,-95.11913,Santa María Petapa
19.21139,-99.62944,Santa María Nativitas
19.14808,-99.57974,Santa María Rayón
19.29417,-98.53778,Santa María Texmelucan
19.68921,-99.05384,Santa María Tonatitla
17.70493,-97.64016,Santa María Tutla
15.94825,-96.07364,Santa María Xadani
19.08944,-98.10361,Santa María Xonacatepec
19.41728,-99.49327,Santa María Zolotepec
16.76369,-97.99028,Santa María Zacatepec
19.12333,-98.36528,Santa María Zacatepec
19.33211,-98.57688,Santa Rita Tlahuapan
19.38333,-102.03611,Santa Rosa (Santa Bárbara)
18.08851,-93.35806,Santa Rosalía
20.74122,-100.44843,Santa Rosa Jauregui
24.21682,-98.48433,Santander Jiménez
27.34045,-112.26761,Santa Rosalia
20.95942,-101.31617,Santa Teresa
25.42533,-100.15205,Santiago
18.98333,-97.91667,Santiago Acatlán
19.77211,-99.67758,Santiago Acutzilapan
18.95694,-97.81167,Santiago Acozac
19.78222,-99.76417,Santiago Acutzilapan
18.84369,-97.70405,Santiago Alseseca
19.76972,-99.96917,Santiago Casandeje
19.66776,-98.90402,Santiago Atlatongo
19.78139,-99.92917,Santiago Citendejé
20.95604,-97.33584,Santiago de la Peña
19.68486,-99.28608,Santiago Cuautlalpan
19.56917,-98.89167,Santiago Chimalpa (Chimalpa)
20.59956,-100.99405,Santiago de Cuenda
21.81295,-105.20844,Santiago Ixcuintla
20.58806,-100.38806,Santiago de Querétaro
17.1525,-96.78972,Santiago Etla
16.28374,-97.82387,Santiago Jamiltepec
17.33462,-98.01147,Santiago Juxtlahuaca
16.8647,-96.38261,Santiago Matatlán
18.54524,-97.43747,Santiago Miahuatlán
19.07361,-98.26694,Santiago Momoxpan
25.04389,-105.41917,Santiago Papasquiaro
18.96146,-99.66827,Santiago Oxtotitlán
16.33847,-98.05532,Santiago Pinotepa Nacional
19.88306,-100.58861,Santiago Puriatzícuaro
19.95568,-102.43546,Santiago Tangamandapio
19.65791,-99.1234,Santiago Teyahualco
17.25316,-96.87825,Santiago Suchilquitongo
19.18024,-99.46644,Santiago Tíanguistenco
19.18953,-99.42089,Santiago Tílapa
19.22708,-99.67083,Santiago Tlacotepec
20.0357,-98.35639,Santiago Tulantepec
16.22556,-97.26917,Santiago Yaitepec
16.22628,-97.26953,Santiago Yaitepec
18.46576,-95.3006,Santiago Tuxtla
16.33194,-98.37778,Santo Domingo Armenta
15.03108,-92.10437,Santo Domíngo
19.59306,-99.77972,Santo Domingo de Guzmán
16.48307,-94.34754,Santo Domingo Zanatepec
19.49972,-90.51139,Santo Domingo Kesté
16.32463,-95.24104,Santo Domingo Tehuantepec
18.67389,-97.67611,Santo Nombre
18.89004,-97.86707,Santo Tomás Hueyotlipan
18.96573,-98.15288,Santo Tomás Chautla
19.64056,-99.00833,Santo Tomas Chiconautla
19.22917,-98.31944,Santo Tomás la Concordia
16.10694,-97.14435,Santos Reyes Nopala
19.17361,-98.23333,Santo Toribio Xicohtzingo
28.03055,-105.29376,Saucillo
20.52256,-101.06163,Sarabia
19.88225,-103.60027,Sayula
17.88083,-94.9601,Sayula de Alemán
15.76611,-96.14694,Sector H Tres
19.63678,-90.66988,Seybaplaya
19.62898,-101.90057,Sevina
19.43276,-98.10407,Sección Primera Santiago Tetla
20.94356,-101.42703,Silao
20.83568,-89.37174,Seyé
17.2,-92.63333,Simojovel de Allende
25.85306,-100.29167,Simeprodeso (Colectivo Nuevo)
17.14,-92.715,Simojovel de Allende
25.8219,-108.22261,Sinaloa de Leyva
19.96874,-98.51935,Singuilucan
16.24496,-92.35086,Socoltenango
19.45334,-99.90069,Sitio Ejido
17.96335,-94.88097,Soconusco
19.04637,-96.42142,Soledad de Doblado
22.18306,-100.94083,Soledad de Graciano Sánchez
22.18778,-100.94192,Soledad Díez Gutiérrez
23.63466,-103.64244,Sombrerete
19.12111,-97.70861,Soltepec
31.86165,-112.85129,Sonoyta
23.76953,-98.20442,Soto la Marina
18.23391,-94.87296,Soteapan
20.59678,-89.00815,Sotuta
16.8913,-92.92433,Soyaló
21.15642,-88.3135,Sucila
16.62555,-93.10074,Suchiapa
19.37541,-103.71141,Suchitlán
21.15444,-88.31361,Sucilá
18.85855,-99.96588,Sultepec de Pedro Ascencio de Alquisiras
21.86286,-102.91105,Tabasco
19.23502,-101.45824,Tacámbaro de Codallos
22.8201,-102.40476,Tacoaleche
19.8375,-97.43111,Tacopan
17.59638,-92.82596,Tacotalpa
20.8736,-89.25473,Tahmek
20.38084,-104.82213,Talpa de Allende
20.6536,-103.70092,Tala
21.33936,-97.81188,Tamalín
21.92426,-99.39365,Tamasopo
19.68006,-103.2514,Tamazula de Gordiano
25.44639,-108.45528,Tamazula
21.25993,-98.78935,Tamazunchale
21.27881,-97.4462,Tamiahua
17.6771,-97.57315,Tamazulapam Villa del Progreso
17.055,-96.06528,Tamazulápam del Espíritu Santo
21.63639,-99.02552,Tampate
22.27817,-97.86772,Tampico
22.25528,-97.86861,Tampico
22.00554,-98.77972,Tamuin
18.16168,-92.78354,Tamulte de las Sabanas
21.5979,-98.96773,Tancanhuitz de Santos
19.3375,-102.36306,Tancítaro
19.33843,-102.36264,Tancítaro
20.28583,-102.32974,Tanhuato de Guerrero
19.88733,-102.20636,Tangancícuaro de Arista
21.60587,-98.66275,Tanquián de Escobedo
21.35064,-98.2257,Tantoyuca
19.94563,-103.75954,Tapalpa
14.90385,-92.25749,Tapachula
17.2495,-93.0167,Tapilula
20.00094,-100.51856,Tarandacuao
19.3342,-101.91849,Taretán
20.28704,-100.75612,Tarimoro
20.54836,-99.31352,Tasquillo
18.24621,-94.76124,Tatahuicapan
19.86944,-97.57306,Tatoxcac
18.55629,-99.60491,Taxco de Alarcón
24.10278,-105.93083,Tayoltita
22.53983,-105.738,Teacapán
20.40059,-89.28316,Teabo
17.5497,-92.95211,Teapa
19.47182,-103.3072,Tecalitlan
18.90294,-97.9742,Tecali de Herrera
18.88179,-97.73132,Tecamachalco
19.71288,-98.96895,Tecamac de Felipe Villanueva
19.71306,-98.96833,Tecámac de Felipe Villanueva
32.56717,-116.62509,Tecate
19.78917,-99.85306,Tecoac (Santa María Nativitas)
20.2052,-89.28522,Tecax
20.19942,-104.04667,Tecolotlán
32.56667,-114.98333,Tecolots
20.48049,-97.01309,Tecolutla
18.91678,-103.87786,Tecoman
17.22278,-100.64121,Tecpan de Galeana
17.13676,-93.31133,Tecpatán
20.53359,-99.63449,Tecozautla
22.39815,-105.45808,Tecuala
18.46148,-97.39282,Tehuacán
21.05337,-98.50853,Tehuetlán
18.55979,-99.27078,Tehuixtla
18.90475,-100.15275,Tejupilco de Hidalgo
20.53465,-89.33315,Tekit
21.00968,-89.10723,Tekanto
20.74361,-89.47406,Tekoh
18.56121,-98.77632,Telixtac
18.3674,-99.86776,Teloloapan
21.20312,-89.26945,Telchac Pueblo
18.48417,-97.15222,Telpatlán
21.06611,-97.64207,Temapache
19.20306,-98.86921,Temamatla
19.82766,-98.90171,Temascalapa
21.15105,-88.94039,Temax
19.91635,-100.00369,Temascalcingo de José María Velazco
18.85528,-99.23072,Temixco
18.77222,-98.7775,Temoac
19.46747,-99.59407,Temoaya
20.80393,-88.20155,Temozon
21.51998,-98.38829,Tempoal de Sánchez
20.03981,-90.22573,Tenabo
20.21673,-104.16372,Tenamaxtlán
18.96148,-99.59344,Tenancingo de Degollado
16.96667,-92.41667,Tenango
19.14667,-98.20211,Tenancingo
16.90472,-92.26139,"Tenango, Chiapas"
19.10446,-99.5898,Tenango de Arista
20.20583,-97.98806,Tenango de las Flores
19.15774,-98.85687,Tenango del Aire
20.59955,-100.7979,Tenería del Santuario
18.72889,-98.95778,Tenextepango
17.4729,-91.4236,Tenosique de Pino Suárez
21.43421,-102.57449,Teocaltiche
20.09223,-103.378,Teocuitatlán de Corona
19.3856,-96.97371,Teocelo
18.71219,-98.26341,Teopantlán
19.24333,-98.19083,Teolocholco
16.54345,-92.47597,Teopisca
19.7458,-99.17855,Teoloyucan
19.68782,-98.86208,Teotihuacán de Arista
19.68972,-98.86083,Teotihuacán de Arista
19.23344,-98.50175,Teotlaltzingo
18.13225,-97.07068,Teotitlán de Flores Magón
19.18666,-102.8493,Tepalcatepec
18.59582,-98.84302,Tepalcingo
20.24568,-99.08981,Tepatepec
20.00314,-97.79651,Tepango
20.81692,-102.76347,Tepatitlán de Morelos
19.06747,-97.96595,Tepatlaxco de Hidalgo
18.96923,-97.90074,Tepeaca
21.67063,-103.3264,Tepechitlán
19.7884,-98.55266,Tepeapulco
18.27723,-99.47039,Tepecoacuilco de Trujano
19.9063,-99.34297,Tepeji de Ocampo
20.1344,-98.17131,Tepepa
19.26531,-98.37645,Tepetitla
18.93806,-99.6125,Tepetzingo
19.57437,-98.81835,Tepetlaoxtoc de Hidalgo
21.1641,-97.85235,Tepetzintla
18.58108,-97.92606,Tepexi de Rodríguez
22.21667,-102.16667,Tepezalá
19.24569,-98.23471,Tepeyanco
21.50951,-104.89569,Tepic
19.71981,-99.2237,Tepotzotlán
19.11642,-97.98793,Tepulco
18.98603,-99.09914,Tepoztlán
18.72998,-97.06991,Tequila
20.5225,-99.89167,Tequisquiapan
20.88197,-103.83569,Tequila
19.90944,-99.14472,Tequixquiac
18.13749,-95.65835,Tesechoacan
19.47384,-97.92491,Terrenate
32.4875,-116.82667,Terrazas del Valle
18.50887,-96.4588,Tetela
18.73009,-99.39933,Tetecala
20.80051,-103.46993,Tesistán
19.8177,-97.80691,Tetela de Ocampo
18.89306,-98.72972,Tetela del Volcán
19.85748,-97.45703,Teteles de Avila Castillo
19.05141,-97.14465,Teteltzingo
20.96316,-89.93384,Tetiz
20.10168,-99.15108,Tetepango
19.2603,-98.16433,Tetlanohcán
18.75716,-97.70311,Tetzoyocan
19.23056,-98.29528,Tetlatlahuca
21.4634,-103.46131,Teul de González Ortega
20.68476,-103.8492,Teuchitlán
19.51194,-98.88293,Texcoco de Mora
17.89517,-94.81702,Texistepec
19.8173,-97.35992,Teziutlan
18.60706,-96.68417,Tezonapa
19.88063,-98.81972,Tezontepec
20.19073,-99.27429,Tezontepec de Aldama
20.05639,-99.20472,Tezoquipa
17.16471,-99.52706,Tierra Colorada
19.59283,-98.91084,Tezoyuca
19.91417,-99.32583,Tianguistengo (La Romera)
16.37889,-93.86056,Tierra y Libertad
21.66797,-100.57274,Tierranueva
20.71449,-97.53335,Tihuatlan
20.39833,-89.53541,Ticul
32.5027,-117.00371,Tijuana
18.48991,-99.27555,Tilzapotla
17.30054,-92.4273,Tila
20.81023,-89.51383,Timucuy
19.50109,-101.85327,Tingambato
19.73921,-102.4812,Tingüindín
18.90301,-100.73731,Tiquicheo
17.56732,-99.39799,Tixtla de Guerrero
20.97739,-89.44203,Tixpehual
21.0022,-89.39484,Tixkokob
20.16137,-103.04397,Tizapán el Alto
19.83721,-98.97607,Tizayuca
21.14284,-88.15119,Tizimín
16.81045,-98.30078,Tlacoachistlahuaca
19.11485,-97.41915,Tlachichuca
18.23096,-95.94682,Tlacojalpan
18.61333,-95.6589,Tlacotalpan
16.95471,-96.4759,Tlacolula de Matamoros
17.78978,-99.97961,Tlacotepec
18.80222,-98.74972,Tlacotepec
20.66139,-100.50769,Tlacote el Bajo
20.06028,-97.84917,Tlacotepec (San Mateo)
19.28348,-99.00317,Tlahuac
26.10593,-103.44257,Tlahualilo de Zaragoza
20.13076,-99.23145,Tlahuelilpan
20.47421,-103.44654,Tlajomulco de Zúñiga
18.41027,-100.47623,Tlalchapa
18.80222,-96.06056,Tlalixcoyan
19.20807,-98.80138,Tlalmanalco de Velázquez
17.07112,-96.6471,Tlalixtac de Cabrera
19.54005,-99.19538,Tlalnepantla
19.80523,-100.17409,Tlalpujahua de Rayón
19.00917,-98.99715,Tlalnepantla
19.29707,-99.16787,Tlalpan
18.49685,-99.50185,Tlamacazapa
21.78221,-103.30298,Tlaltenango de Sánchez Román
19.17163,-98.34275,Tlaltenango
18.68594,-99.11982,Tlaltizapán
20.03472,-99.22917,Tlamaco (San Gerónimo Tlamaco)
19.25084,-97.27604,Tlanalapan
17.50306,-99.22583,Tlamixtlahuacan
19.81868,-98.60396,Tlanalapa
20.9919,-98.65715,Tlanchinol
18.43333,-98.7,Tlancualpican
17.54042,-98.57952,Tlapa de Comonfort
18.45667,-95.40056,Tlapacoyan
19.96268,-97.21141,Tlapacoyan
18.24101,-100.5379,Tlapehuala
20.64091,-103.29327,Tlaquepaque
18.63693,-99.16208,Tlaquiltenango
19.33167,-98.20306,Tlatempan
18.59639,-99.18639,Tlatenchi
19.84765,-97.49718,Tlatlauquitepec
19.31905,-98.19982,Tlaxcala de Xicohtencatl
19.61442,-98.11997,Tlaxco
20.42345,-98.02917,"Tlaxco, Puebla"
20.09163,-99.22042,Tlaxcoapan
19.97085,-102.05842,Tlazazalca
18.95556,-98.98111,Tlayacapan
19.02863,-98.28334,Tlazcalancingo
19.38865,-98.0274,Tocatlán
18.9,-98.56667,Tochimilco
18.83989,-97.82421,Tochtepec
23.44688,-110.22308,Todos Santos
18.95,-97.01667,Tocuila
19.95814,-98.91941,Tolcayuca
19.26667,-96.39472,Tolome
19.93664,-105.2501,Tomatlán
19.28786,-99.65324,Toluca
19.03102,-97.00986,Tomatlán
16.0887,-93.75588,Tonalá
19.78634,-103.97122,Tonaya
20.62445,-103.23423,Tonalá
19.43365,-103.51657,Tonila
25.60084,-109.0523,Topolobampo
19.44472,-102.00444,Toreo Bajo (El Toreo Bajo)
25.54389,-103.41898,Torreón
19.3258,-98.25834,Totolac
16.54357,-92.68019,Totolapa
20.54217,-102.79222,Tototlán
18.98487,-98.92073,Totolapan
22.7349,-102.36638,Trancoso
19.21169,-96.96118,Totutla
18.86861,-99.20833,Tres de Mayo
19.0549,-99.24301,Tres Marías
15.88209,-93.52867,Tres Picos
22.99645,-99.71171,Tula
16.92135,-96.76384,Trinidad Zaachila
20.05161,-99.34397,Tula de Allende
20.08363,-98.36332,Tulancingo
18.0437,-98.44074,Tulcingo de Valle
19.685,-99.12806,Tultepec
19.64756,-99.16796,Tultitlán
19.90833,-100.36639,Tungareo
20.21173,-87.46325,Tulum
16.85083,-99.78917,Tuncingo
19.56659,-100.46221,Tuxpan
20.90294,-88.75171,Tunkas
19.55555,-103.37587,Tuxpan
20.95773,-97.40798,Tuxpan de Rodríguez Cano
18.0883,-96.12535,Tuxtepec
14.93945,-92.1673,Tuxtla Chico
16.75973,-93.11308,Tuxtla Gutiérrez
16.1875,-92.19694,Tzimol
16.26667,-92.26667,Tzimol
19.40253,-96.8636,Tuzamapan
19.62847,-101.57831,Tzintzuntzán
20.02944,-97.54047,Tzinacapan
20.07237,-89.05022,Tzucacab
20.71781,-88.31693,Uayma
20.88213,-89.74649,Uman
19.36694,-98.93917,Unidad Acaquilpan
18.82028,-99.26222,Unidad Habitacional José María Morelos y Pavón
18.62137,-99.22178,Unidad Habitacional José María Morelos y Pavón
18.89722,-99.13139,Unidad Habitacional Rinconada Acolapa
20.10472,-98.72278,Unidad Minera 11 de Julio
19.21611,-99.55222,Unidad Habitacional Santa Teresa
20.06389,-98.42056,Unidades Habitacionales
19.82361,-99.28889,Unidad San Miguel Jagüeyes
19.95646,-104.26805,Unión de Tula
21.12742,-102.00476,Union de San Antonio
29.42708,-110.3876,Ures
18.87278,-97.11917,Unión y Progreso
16.4723,-94.82952,Unión Hidalgo
20.14085,-101.18251,Uriangato
19.40446,-96.35959,Ursulo Galván
22.72779,-98.32191,Ursulo Galván
19.87458,-103.54085,Usmajac
19.41116,-102.05644,Uruapan
28.21667,-106.58333,Valentín Gómez Farías
19.79056,-101.08778,Uruétaro
19.19501,-100.13132,Valle de Bravo
20.68812,-88.19936,Valladolid
20.80792,-105.24813,Valle de Banderas
21.01114,-102.61683,Valle de Guadalupe
26.93333,-105.4,Valle de Ignacio Allende
19.93248,-102.94358,Valle de Juárez
25.79333,-100.47778,Valle de Lincoln
25.6325,-100.14694,Valle de Vaquerías
20.52444,-103.36194,Valle Dorado Inn
20.39321,-101.18917,Valle de Santiago
22.77061,-103.57036,Valparaíso
20.53244,-101.12761,Valtierrilla
25.67207,-97.81313,Valle Hermoso
20.02823,-96.64751,Vega de Alatorre
20.18539,-96.94877,Vega de San Marcos
20.55083,-100.39806,Venceremos
14.9773,-92.26509,Veinte de Noviembre
19.61139,-99.34667,Veintidós de Febrero
16.33945,-92.56293,Venustiano Carranza
20.50667,-97.66806,Venustiano Carranza
19.44286,-99.09724,Venustiano Carranza
20.11584,-102.6542,Venustiano Carranza
27.64354,-110.29351,Vicam
19.18095,-96.1429,Veracruz
23.73429,-103.98487,Vicente Guerrero
30.73097,-115.99071,Vicente Guerrero
19.12516,-98.16192,Vicente Guerrero
21.21079,-100.21533,Victoria
22.94889,-102.70222,Víctor Rosales
24.02032,-104.65756,Victoria de Durango
16.93306,-96.70139,Vicente Guerrero
14.86972,-92.30778,Vida Mejor I
27.64444,-113.38472,Villa Alberto Andrés Alvarado Arámburo
25.33923,-102.80493,Viesca
19.64861,-97.22333,Villa Aldama
15.21451,-92.57725,Villa Comaltitlán
20.41564,-103.66416,Villa Corona
16.1851,-93.26881,Villa Corzo
22.18439,-97.83472,Villa Cuauhtemoc
19.41676,-99.55872,Villa Cuauhtémoc Otzolotepec
23.29329,-102.3502,Villa de Cos
19.36915,-99.75836,Villa de Almoloya de Juárez
24.59167,-107.38836,Villa de Costa Rica
19.32444,-97.65583,Villa de El Carmen Tequexquitla
17.20615,-96.7989,Villa de Etla
21.80309,-100.93418,Villa de Reyes
16.95098,-96.74938,Villa de Zaachila
22.16246,-101.9553,Villa García
19.9702,-96.61162,Villa Emilio Carranza
32.42389,-116.97167,Villa del Prado 2da Sección
32.5075,-116.73833,Villa del Campo
22.51222,-101.91616,Villa González Ortega
18.96252,-99.64119,Villa Guerrero
18.96,-99.64,Villa Guerrero
21.98341,-103.59506,"Villa Guerrero, Jalisco"
21.74185,-105.23096,"Villa Hidalgo, Nayarit"
21.67919,-102.58853,"Villa Hidalgo, Jalisco"
22.35682,-101.71259,"Villa Hidalgo, Zacatecas"
22.32617,-100.26689,Villa Juarez
19.92306,-101.74694,Villa Jiménez
21.68917,-105.38972,Villa Juárez
24.65869,-107.54059,Villa Juárez
22.09447,-102.0693,"Villa Juárez, Aguascalientes"
27.12851,-109.83921,"Villa Juarez, Sonora"
18.09863,-94.04593,Villa la Venta
18.92,-100.29833,Villa Luvianos
19.52833,-90.69917,Villa Madero
21.82528,-102.18778,Villa Licenciado Jesús Terán (Calvillito)
19.3915,-101.27883,Villa Madero
19.32661,-98.37746,Villa Mariano Matamoros
29.37972,-110.89611,Villa Pesqueira
18.07117,-94.40756,Villa Nanchital
18.28338,-93.33398,Villa Tecolutilla
28.21667,-100.71667,Villa Union
21.43923,-98.87508,Villa Terrazas
23.18992,-106.21947,"Villa Unión, Sinaloa"
19.84132,-99.25719,Villa URBI del Rey
18.97972,-99.18528,Villa Santiago
19.43693,-99.99589,Villa Victoria
20.14848,-101.6346,Villachuato
17.98689,-92.93028,Villahermosa
20.51452,-100.99745,Villagrán
20.02021,-102.59738,Villamar
22.35653,-102.88361,Villanueva
20.68722,-101.40528,Villas de Irapuato
25.91528,-100.18528,Villas de Alcalá
20.53111,-103.38278,Villas de la Hacienda [Fraccionamiento]
19.69,-101.29944,Villas de la Loma
19.83611,-99.09,Villas de la Laguna
32.62694,-115.54667,Viñas del Sol
19.51667,-99.21667,Vista Hermosa
20.27286,-102.475,Vistahermosa de Negrete
20.52806,-102.52333,Vistas del Maguey [Fraccionamiento]
17.47066,-98.60675,Xalpatlahuac
19.18314,-99.41844,Xalatlaco
19.53124,-96.91589,Xalapa
18.87584,-97.61203,Xaltepec
17.09869,-99.71532,Xaltianguis
20.17546,-97.97208,Xaltepuxtla
19.42178,-97.00819,Xico
22.99623,-98.94218,Xicoténcatl
21.38681,-98.99009,Xilitla
20.27605,-97.96111,Xicotepec de Juárez
19.26786,-98.21399,Xiloxoxtla
17.90619,-98.48818,Xochihuehuetlán
19.25785,-99.10513,Xochimilco
16.78915,-98.24172,Xochistlahuaca
18.84167,-97.72583,Xochimilco
18.70395,-97.77609,Xochitlan Todos Santos
18.78121,-99.23055,Xochitepec
19.83111,-97.36944,Xoloateno
19.01511,-97.10092,Xocotla
19.64245,-98.88257,Xometla
21.83601,-105.06451,Yago
19.40513,-99.52807,Xonacatlán
18.68502,-99.24608,Xoxocotla
21.17978,-102.88611,Yahualica de González Gallo
18.83321,-96.79823,Yanga
17.17276,-92.33315,Yajalón
19.87076,-97.46587,Yaonahuac
26.70483,-109.52103,Yavaros
18.88188,-99.06715,Yautepec
18.88333,-98.865,Yecapixtla
19.86614,-96.77836,Yecuatla
18.79504,-97.66248,Yehualtepec
20.97081,-101.27321,Yerbabuena
16.84528,-92.44611,Yoshib
20.33738,-102.28342,Yurécuaro
18.95611,-99.69806,Zacango
19.81396,-101.79157,Zacapú
20.21081,-101.13212,Yuriria
19.87271,-97.58899,Zacapoaxtla
19.35551,-99.333,Zacamulpa
22.76843,-102.58141,Zacatecas
19.26631,-97.5328,Zacatepec
19.21583,-98.23972,Zacatelco
18.65388,-99.19054,Zacatepec de Hidalgo
19.9355,-97.96125,Zacatlán
19.07317,-100.25515,Zacazonapan
20.22816,-103.5687,Zacoalco de Torres
18.71591,-99.78064,Zacualpan
18.78389,-98.76583,Zacualpan de Amilpas
21.24715,-105.1657,Zacualpan
20.65002,-98.65628,Zacualtipán
19.9855,-102.28387,"Zamora, Michoacán"
20.7167,-103.4,Zapopan2
20.72356,-103.38479,Zapopan
19.62749,-103.41752,Zapotiltic
19.54667,-98.90306,Zapotlán
19.97709,-98.8642,Zapotlán de Juárez
20.46639,-102.92611,Zapotlán del Rey
28.4932,-100.9223,"Zaragoza, Coahuila"
20.62248,-103.06766,Zapotlanejo
19.1483,-99.64405,Zaragoza de Guadalupe
22.03542,-100.731,"Zaragoza, San Luis Potosí"
21.27975,-97.72055,"Zaragoza, Veracruz"
19.77097,-97.55506,"Zaragoza, Puebla"
19.91587,-98.666,Zempoala
20.73814,-99.3818,Zimapan
19.44515,-96.40749,Zempoala
16.86939,-96.78435,Zimatlán de Álvarez
19.86006,-100.82857,Zinapécuaro
16.7607,-92.72381,Zinacantán
18.47763,-100.97857,Zirándaro
17.69049,-99.18642,Zitlala
19.20389,-97.90722,Zitlaltépec
19.93444,-97.62028,Zoatecpan
19.9793,-97.72751,Zongozotla
21.22472,-86.85361,Zona Urbana Ejido Isla Mujeres
19.84029,-102.07483,Zopoco
18.91642,-99.56568,Zumpahuacán
18.66673,-96.99707,Zongolica
20.14048,-97.57567,Zozocolco de Hidalgo
17.65319,-99.52607,Zumpango del Río
19.7967,-99.09946,Zumpango
